index,Unnamed: 0,A1,A2,A3,B1,B2,B3,peptide,allele,origin,binder,partition,original_peptide,original_index,prediction
26,26,TSINN,IRSNERE,ATDAARQLT,SGHAT,FQNNGV,ASSLDLPGPEGETQY,ATDALMTGF,HLA-A*01:01,peptide_swapped,0,0,DATYQRTRALVR,4873,0.00074818614
214,214,TSINN,IRSNERE,ATHPSGTYKYI,ENHRY,SYGVKD,AISESAEAYEQY,ATDALMTGF,HLA-A*01:01,VDJdb,1,0,ATDALMTGF,5265,0.6731632
442,442,DRGSQS,IYSNGD,AASIGFGNVLHCGFGNVLH,MNHEY,SMNVEV,ASSLGGSNYEQYFG,ATDALMTGF,HLA-A*01:01,peptide_swapped,0,0,ELAGIGILTV,966,0.006605782
471,471,VSGLRG,LYSAGEE,AVHDNNNDMR,MGHRA,YSYEKL,ASSQDQGALGYT,ATDALMTGF,HLA-A*01:01,peptide_swapped,0,0,GILGFVFTL,6219,0.00074387237
658,658,NSASDY,IRSNMDK,AENTNAGKST,SNHLY,FYNNEI,ASSGTTEWNNSPLH,ATDALMTGF,HLA-A*01:01,VDJdb,1,0,ATDALMTGF,4444,0.019002637
737,737,KALYS,LLKGGEQ,GTESGGSNYKLT,GTSNPN,SVGIG,AWNTGTEAF,ATDALMTGF,HLA-A*01:01,peptide_swapped,0,0,AVFDRKSDAK,6209,0.0011084315
1360,1360,SSNFYA,MTLNGDE,AFSDFGNEKLT,MNHEY,SMNVEV,ASSLYSNQPQH,ATDALMTGF,HLA-A*01:01,peptide_swapped,0,0,IVTDFSVIK,2483,0.009262024
1406,1406,ATGYPS,ATKADDK,AREHMDSNYQLI,SGHNS,FNNNVP,ASSFSGNTGELF,ATDALMTGF,HLA-A*01:01,peptide_swapped,0,0,RAKFKQLL,1778,0.0015146956
2365,2365,NIATNDY,GYKTK,LVGDGSGYSTLT,SGHDN,FVKESK,ASSQVASNQETQY,ATDALMTGF,HLA-A*01:01,peptide_swapped,0,0,DATYQRTRALVR,3760,0.0019219255
3090,3090,DSVNN,IPSGT,AVEHNTDKLI,SGHDN,FVKESK,ASSQSPGGTQY,ATDALMTGF,HLA-A*01:01,peptide_swapped,0,0,GLCTLVAML,1100,0.00055954
3746,3746,NSASQS,VYSSG,VVKRSSNTGKLI,SGDLS,YYNGEE,ASSAGDWISDNSPLH,ATDALMTGF,HLA-A*01:01,peptide_swapped,0,0,IVTDFSVIK,94,0.021396775
4571,4571,DSSSTY,IFSNMDM,AETRGNNRLA,SGDLS,YYNGEE,ASSVGGGREQF,ATDALMTGF,HLA-A*01:01,peptide_swapped,0,0,LLWNGPMAV,3111,0.0006575929
4660,4660,TSENNYY,QEAYKQQN,AFMTSPGGTSYGKLT,SGHAT,FQNNGV,ASSLGDFLRTDTQY,ATDALMTGF,HLA-A*01:01,peptide_swapped,0,0,GILGFVFTL,5063,0.057314083
4913,4913,NSASQS,VYSSG,VVTETSYDKVI,DFQATT,SNEGSKA,SAPKAGSSYEQY,ATDALMTGF,HLA-A*01:01,peptide_swapped,0,0,RAKFKQLL,6072,0.004504898
4944,4944,NSASQS,VYSSG,VVNVMDDMR,SGHNT,YYREEE,ASSPDRNTGELF,ATDALMTGF,HLA-A*01:01,peptide_swapped,0,0,YLQPRTFLL,2061,0.012520207
5099,5099,NSASDY,IRSNMDK,ADSGGGADGLT,MNHNS,SASEGT,ASSPSRLGTGFYEQY,ATDALMTGF,HLA-A*01:01,peptide_swapped,0,0,RAKFKQLL,540,0.0007838181
5591,5591,TSGFNG,NVLDGL,AVRDRDDKII,LNHNV,YYDKDF,ATRGDYNEQF,ATDALMTGF,HLA-A*01:01,peptide_swapped,0,0,KLGGALQAK,2086,0.000561066
6033,6033,NSASDY,IRSNMDK,AENGGGGSQGNLI,LNHDA,SQIVND,ASSNRASEKLF,ATDALMTGF,HLA-A*01:01,peptide_swapped,0,0,GILGFVFTL,3606,0.011900195
6724,6724,TSGFNG,NVLDGL,AVRDSNYQLI,SQVTM,ANQGSEA,SVGSGDHGEQF,ATDALMTGF,HLA-A*01:01,peptide_swapped,0,0,RAKFKQLL,3027,0.00056943507
6862,6862,SVFSS,VVTGGEV,AGAAGSSNTGKLI,SGHVS,FNYEAQ,ASSLGQGRETQY,ATDALMTGF,HLA-A*01:01,peptide_swapped,0,0,GILGFVFTL,3788,0.00062094524
7055,7055,SVFSS,VVTGGEV,GGGSGGSQGNL,LNHDA,SQIVND,SSIRSSYEQ,ATDALMTGF,HLA-A*01:01,peptide_swapped,0,0,GILGFVFTL,4692,0.0010537666
7262,7262,TRDTTYY,RNSFDEQN,ALIRISNFGNEKLT,SGHTA,FQGTGA,ASSLTLLVGSNEQF,ATDALMTGF,HLA-A*01:01,peptide_swapped,0,0,IVTDFSVIK,5901,0.0013634486
7955,7955,TSGFYG,NALDGL,AALVGANNLF,LNHDA,SQIVND,ASSPPGRASYEQY,ATDALMTGF,HLA-A*01:01,peptide_swapped,0,0,KLGGALQAK,503,0.0005295897
8047,8047,DRGSQS,IYSNGD,AVLTLYSGAGSYQLT,SNHLY,FYNNEI,ASSEVTAGDGYT,ATDALMTGF,HLA-A*01:01,VDJdb,1,0,ATDALMTGF,2901,0.18410356
8069,8069,TSDPSYG,QGSYDQQN,AMREFSYGSSNTGKLI,LGHDT,YNNKEL,ASSQGARDLVNEKLF,ATDALMTGF,HLA-A*01:01,VDJdb,1,0,ATDALMTGF,4801,0.57140505
8174,8174,SVFSS,VVTGGEV,AGGHGGSQGNLI,LNHDA,SQIVND,ASSTRSTGELF,ATDALMTGF,HLA-A*01:01,peptide_swapped,0,0,NLVPMVATV,598,0.0011879627
8610,8610,TISGTDY,GLTSN,IPGAGSYQLT,LNHDA,SQIVND,ASSGRSTDTQY,ATDALMTGF,HLA-A*01:01,peptide_swapped,0,0,GILGFVFTL,2888,0.0006063715
8914,8914,TSGFNG,NVLDGL,AVESDYKLS,LGHNA,YSLEER,ASSQESGLAVNTGELF,ATDALMTGF,HLA-A*01:01,peptide_swapped,0,0,KSKRTPMGF,1151,0.0005075749
9062,9062,TRDTTYY,RNSFDEQN,ALSEANTGGFKTI,PRHDT,FYEKMQ,ASSLTTGGRNEQF,ATDALMTGF,HLA-A*01:01,peptide_swapped,0,0,IVTDFSVIK,2120,0.0007683707
9327,9327,DSAIYN,IQSSQRE,AVNYQGGSEKLV,LNHDA,SQIVND,ASSIRSTTEAF,ATDALMTGF,HLA-A*01:01,peptide_swapped,0,0,GILGFVFTL,2836,0.14592937
9463,9463,TTSDR,LLSNGAV,AVNQGAQKLV,LNHDA,SQIVND,ASSGRSGETQY,ATDALMTGF,HLA-A*01:01,peptide_swapped,0,0,GILGFVFTL,3599,0.0008840138
10423,10423,DRGSQS,IYSNGD,AVNGGNNNDMR,SNHLY,FYNNEI,ASRPQTGLTPRRQY,ATDALMTGF,HLA-A*01:01,peptide_swapped,0,0,KLGGALQAK,1294,0.19769008
10477,10477,DRGSQS,IYSNGD,AASEQGGKLI,KGHDR,SFDVKD,ATSDRTGTGIQANYGYT,ATDALMTGF,HLA-A*01:01,peptide_swapped,0,0,ELAGIGILTV,1405,0.005547427
10671,10671,SVFSS,VVTGGEV,AGGGSQGNLI,DFQATT,SNEGSKA,SARDGRREYEQY,ATDALMTGF,HLA-A*01:01,peptide_swapped,0,0,GILGFVFTL,5158,0.0008478728
11114,11114,SSNFYA,MTLNGDE,AFPYNNNDMR,MNHEY,SMNVEV,ASQIQGYTEA,ATDALMTGF,HLA-A*01:01,peptide_swapped,0,0,NLVPMVATV,5292,0.001302599
11259,11259,TISGNEY,GLKNN,IVRVLYGGSQGNLI,MNHEY,SMNVEV,ASSFGPTPDTQY,ATDALMTGF,HLA-A*01:01,VDJdb,1,0,ATDALMTGF,6110,0.0009147433
11390,11390,TSESDYY,QEAYKQQN,AYSSLYGGSQGNLI,DFQATT,SNEGSKA,SAREKTINTGELF,ATDALMTGF,HLA-A*01:01,VDJdb,1,0,ATDALMTGF,4256,0.9865966
12366,12366,VSGNPY,YITGDNLV,AVRDNRGGSYIPT,MGHRA,YSYEKL,ASSTSTGTGYGYT,ATDALMTGF,HLA-A*01:01,peptide_swapped,0,0,RAKFKQLL,4836,0.0005095091
12417,12417,TSINN,IRSNERE,ATAAQGGADGLT,MNHEY,SVGEGT,ASSLASSADTQY,ATDALMTGF,HLA-A*01:01,peptide_swapped,0,0,RAKFKQLL,3107,0.002361886
12510,12510,NIATNDY,GYKTK,LLPGSQGNLI,MNHEY,SMNVEV,ASSSLSGSFAYNEQF,ATDALMTGF,HLA-A*01:01,peptide_swapped,0,0,IVTDFSVIK,909,0.013802464
12583,12583,TSGFNG,NVLDGL,AVMDSNYQLI,MNHNY,SVGAGI,ASSTTVNTEAF,ATDALMTGF,HLA-A*01:01,peptide_swapped,0,0,IVTDFSVIK,5458,0.00057606585
12592,12592,NSAFQY,TYSSGN,AMSPSFMANDMR,SGDLS,YYNGEE,ASSEGTGGLNAF,ATDALMTGF,HLA-A*01:01,peptide_swapped,0,0,FEDLRVLSF,741,0.003938877
13079,13079,DRGSQS,IYSNGD,AVSNYQLI,SGHAT,FQDESV,ASTSGDNEQF,ATDALMTGF,HLA-A*01:01,peptide_swapped,0,0,ELAGIGILTV,2894,0.0019708013
13458,13458,SIFNT,LYKAGEL,AGPMKTSYDKVIFG,SGHDY,FNNNVP,ASSSANYGYTFG,ATDALMTGF,HLA-A*01:01,peptide_swapped,0,0,NLVPMVATV,3974,0.0068562725
14670,14670,SSVPPY,YTSAATLV,AVTPGDYKLS,KGHDR,SFDVKD,ATSDGTAGNQPQH,ATDALMTGF,HLA-A*01:01,VDJdb,1,0,ATDALMTGF,515,0.9978396
15531,15531,VSGNPY,YITGDNLV,AVRDPWNNNARLM,SGHAT,FQNNGV,ASSLVSESGGVRETQY,ATDALMTGF,HLA-A*01:01,peptide_swapped,0,0,RAKFKQLL,5054,0.0005811008
16233,16233,TSESDYY,QEAYKQQN,AYRSNYGGSQGNLI,SNHLY,FYNNEI,AKTPGSSNTDTQY,ATDALMTGF,HLA-A*01:01,VDJdb,1,0,ATDALMTGF,2703,0.99776983
16340,16340,SSVSVY,YLSGSTLV,AVSGVFYTGANSKLT,MGHRA,YSYEKL,ASSHTGGVRRSGELF,ATDALMTGF,HLA-A*01:01,peptide_swapped,0,0,IVTDFSVIK,843,0.1910657
16342,16342,SSYSPS,YTSAATLV,VVSDGYGGATNKLI,SGHDT,YYEEEE,ASSLDRAIGVTYEQY,ATDALMTGF,HLA-A*01:01,peptide_swapped,0,0,VLFGLGFAI,4808,0.0075129555
16469,16469,NSMFDY,ISSIKDK,AASGGSNYKLT,ENHRY,SYGVKD,ASSGRFLREGMTYGYT,ATDALMTGF,HLA-A*01:01,peptide_swapped,0,0,VLFGLGFAI,4777,0.019890297
17050,17050,DRGSQS,IYSNGD,AVTDREAGTALI,SGHTA,FQGTGA,ASSLIGNTGELF,ATDALMTGF,HLA-A*01:01,VDJdb,1,0,ATDALMTGF,946,0.0020113876
17104,17104,SSYSPS,YTSAATLV,VVSDLYGGSQGNLI,SGDLS,YYNGEE,ASSMWTSGGPTDTQY,ATDALMTGF,HLA-A*01:01,VDJdb,1,0,ATDALMTGF,4913,0.2557094
17711,17711,TSDPSYG,QGSYDQQN,AMREGGSQGNLI,LNHDA,SQIVND,ASRFDGSNQPQH,ATDALMTGF,HLA-A*01:01,peptide_swapped,0,0,RLPGVLPRA,1206,0.97450894
18293,18293,SSVPPY,YTSAATLV,AVSEGSNYQLI,LGHDT,YNNKEL,ASSQDPGILYEQY,ATDALMTGF,HLA-A*01:01,VDJdb,1,0,ATDALMTGF,5295,0.9662861
18305,18305,NSAFQY,TYSSGN,AMKGPYNFNKFY,LNHDA,SQIVND,ASSIGTGGNYGYT,ATDALMTGF,HLA-A*01:01,peptide_swapped,0,0,FEDLRVLSF,3935,0.001178124
18311,18311,NSASDY,IRSNMDK,AENIGGTSYGKLT,DFQATT,SNEGSKA,SARVIGQGQETQY,ATDALMTGF,HLA-A*01:01,peptide_swapped,0,0,IVTDFSVIK,985,0.0049756556
18531,18531,DSAIYN,IQSSQRE,AVRLEGPGGTSYGKLT,LNHDA,SQIVND,ASDTGGGYGYT,ATDALMTGF,HLA-A*01:01,peptide_swapped,0,0,GILGFVFTL,695,0.0058104033
18702,18702,DRGSQS,IYSNGD,AVIPLYSGAGSYQLT,LNHDA,SQIVND,ASSFGGSRLGEETQY,ATDALMTGF,HLA-A*01:01,VDJdb,1,0,ATDALMTGF,3877,0.002549475
18868,18868,DRGSQS,IYSNGD,AATIGFGNVLHCGFGNVLH,MNHEY,SMNVEV,ASSMTSYNEQFFG,ATDALMTGF,HLA-A*01:01,peptide_swapped,0,0,ELAGIGILTV,5100,0.05706366
19115,19115,SSVPPY,YTSAATLV,AVSVGGGKLI,MGHRA,YSYEKL,ASSQQETQY,ATDALMTGF,HLA-A*01:01,peptide_swapped,0,0,KLGGALQAK,4707,0.521829
19324,19324,DRGSQS,IYSNGD,AVNNGQNFV,MNHNY,SVGAGI,ASSYSTTAPSTDTQY,ATDALMTGF,HLA-A*01:01,peptide_swapped,0,0,ELAGIGILTV,5816,0.0017874397
19522,19522,TSGFNG,NVLDGL,AGPPSGAGSYQLT,DFQATT,SNEGSKA,SARDDSGQGFGFLETQY,ATDALMTGF,HLA-A*01:01,peptide_swapped,0,0,GLCTLVAML,2796,0.0005292854
20660,20660,NSASQS,VYSSG,VVGAAGNKLT,SQVTM,ANQGSEA,SASGPTGGRDSGELF,ATDALMTGF,HLA-A*01:01,VDJdb,1,0,ATDALMTGF,2701,0.097642586
20797,20797,TSENNYY,QEAYKQQN,AFMNPANQAGTALI,LNHDA,SQIVND,ASSIDGSAYNEQF,ATDALMTGF,HLA-A*01:01,peptide_swapped,0,0,GILGFVFTL,5215,0.0035866676
21020,21020,VSGNPY,YITGDNLV,AVRGGSYIPT,MDHEN,SYDVKM,ASTFGRRGSGEKLF,ATDALMTGF,HLA-A*01:01,VDJdb,1,0,ATDALMTGF,2822,0.00059239496
21374,21374,NSAFQY,TYSSGN,AMSRMNRDDKII,SGHAT,FQNNGV,ASSPPPEGDGDGYT,ATDALMTGF,HLA-A*01:01,peptide_swapped,0,0,AVFDRKSDAK,5196,0.001662485
21431,21431,DRGSQS,IYSNGD,AVNSGYGGATNKLI,LGHDT,YNNKEL,ASSQERQVQPQH,ATDALMTGF,HLA-A*01:01,peptide_swapped,0,0,KLGGALQAK,3813,0.056057915
22165,22165,DRGSQS,IYSNGD,AVNSGNQFY,MNHEY,SMNVEV,ASRPTGMGQPQH,ATDALMTGF,HLA-A*01:01,peptide_swapped,0,0,ELAGIGILTV,2752,0.0063242307
22262,22262,VGISA,LSSGK,AVIPDFGNEKLT,KGHSH,LQKENI,ASRDGRESYEQY,ATDALMTGF,HLA-A*01:01,peptide_swapped,0,0,YLQPRTFLL,293,0.0054271854
22420,22420,VSGNPY,YITGDNLV,AVRDIYGNNRLA,SGHVS,FNYEAQ,ASSSKNTEAF,ATDALMTGF,HLA-A*01:01,peptide_swapped,0,0,AVFDRKSDAK,6032,0.0006589417
22786,22786,TSGFNG,NVLDGL,AVRARGANVAGNMLT,LNHDA,SQIVND,ASSMYGAANYGYT,ATDALMTGF,HLA-A*01:01,peptide_swapped,0,0,RAKFKQLL,706,0.000489446
23390,23390,DRGSQS,IYSNGD,AVDSGNTPLV,SGHDY,FNNNVP,ASSPRQGNDEQY,ATDALMTGF,HLA-A*01:01,peptide_swapped,0,0,LLWNGPMAV,3457,0.074275024
23560,23560,DSASNY,IRSNVGE,AAGGYSGAGSYQLT,SGHNS,FNNNVP,ASSLVLGQVYEQY,ATDALMTGF,HLA-A*01:01,peptide_swapped,0,0,GILGFVFTL,3709,0.017712057
23970,23970,VSGNPY,YITGDNLV,AVRDPFKAAGNKLT,ENHRY,SYGVKD,AISESTAHSYNEQF,ATDALMTGF,HLA-A*01:01,peptide_swapped,0,0,GILGFVFTL,3560,0.0038672178
24234,24234,DRGSQS,IYSNGD,AVRLWVGSGSARQLT,SGDLS,YYNGEE,ASSPRGRDYQKYNEQF,ATDALMTGF,HLA-A*01:01,peptide_swapped,0,0,KLGGALQAK,1261,0.03373794
24470,24470,NSASQS,VYSSG,VVNGNRDDKII,LNHDA,SQIVND,ASRIRAQGFADTQY,ATDALMTGF,HLA-A*01:01,VDJdb,1,0,ATDALMTGF,4013,0.002753382
25016,25016,DRGSQS,IYSNGD,ALGNTDKLI,SGHVS,FQNEAQ,ASSAKGLGNTIY,ATDALMTGF,HLA-A*01:01,peptide_swapped,0,0,ELAGIGILTV,3411,0.0010955661
25985,25985,TISGTDY,GLTSN,ILSNNNDMR,MNHEY,SVGAGI,ASSPSTGVTFYGYT,ATDALMTGF,HLA-A*01:01,peptide_swapped,0,0,NLVPMVATV,831,0.0005294116
26244,26244,DRGSQS,IYSNGD,AVGGDMR,LNHDA,SQIVND,ASSVRSSYEQY,ATDALMTGF,HLA-A*01:01,peptide_swapped,0,0,GILGFVFTL,2241,0.0022218344
26280,26280,DSAIYN,IQSSQRE,AVRPTGGFKTI,SGHTA,FQGNSA,ASSLVGQLDEQY,ATDALMTGF,HLA-A*01:01,VDJdb,1,0,ATDALMTGF,4034,0.99881077
27128,27128,VSPFSN,MTFSENT,SAGSNYQLI,MNHEY,SVGAGI,ASTPQGAYEQY,ATDALMTGF,HLA-A*01:01,peptide_swapped,0,0,GILGFVFTL,6021,0.12119868
27286,27286,SSVSVY,YLSGSTLV,AVTAGDYKLS,GTSNPN,SVGIG,AWSVRDIGNQPQH,ATDALMTGF,HLA-A*01:01,VDJdb,1,0,ATDALMTGF,3811,0.79595006
27346,27346,KALYS,LLKGGEQ,GTAYGQNFV,SGDLS,YYNGEE,ASSVNTATDTQY,ATDALMTGF,HLA-A*01:01,peptide_swapped,0,0,KLGGALQAK,3738,0.0045183892
27575,27575,TSDPSYG,QGSYDQQN,AMREVPRGASKLT,MDHEN,SYDVKM,ASSSPKGAKYEQY,ATDALMTGF,HLA-A*01:01,peptide_swapped,0,0,GILGFVFTL,3093,0.6238595
27667,27667,NSASQS,VYSSG,VVTSAGSQGNLI,KGHDR,SFDVKD,ATSDLEGWTQY,ATDALMTGF,HLA-A*01:01,peptide_swapped,0,0,DATYQRTRALVR,542,0.25834504
28765,28765,TISGTDY,GLTSN,ILRGDSGGGADGLT,SGHTA,FQGTGA,ASSLGTSGGTGELF,ATDALMTGF,HLA-A*01:01,peptide_swapped,0,0,RAKFKQLL,1331,0.000521434
28896,28896,TSGFNG,NVLDGL,AVRDLYGSSASKII,MDHEN,SYDVKM,ASSLNRPDRASYEQY,ATDALMTGF,HLA-A*01:01,VDJdb,1,0,ATDALMTGF,3095,0.0006461308
28916,28916,NSASQS,VYSSG,VVRVDYGQNFV,SNHLY,FYNNEI,ASSTQTGGREQY,ATDALMTGF,HLA-A*01:01,peptide_swapped,0,0,KLGGALQAK,2765,0.21384203
29028,29028,SSYSPS,YTSAATLV,VVSDLGSNYKLT,SGHAT,FQNNGV,ASSWGGGSHYGYT,ATDALMTGF,HLA-A*01:01,peptide_swapped,0,0,IVTDFSVIK,1203,0.00081733294
29043,29043,DRGSQS,IYSNGD,AVWSGGFKTI,SGHNS,FNNNVP,ASSSLDVAGYEQY,ATDALMTGF,HLA-A*01:01,peptide_swapped,0,0,RAKFKQLL,1174,0.033928998
29132,29132,NYSPAY,IRENEKE,ALDENFGNEKLT,SGHNT,YYREEE,ASSYRGTLY,ATDALMTGF,HLA-A*01:01,peptide_swapped,0,0,KLGGALQAK,3787,0.039466523
29495,29495,YGATPY,YFSGDTLV,AVFLYGNNRLA,LGHNA,YNFKEQ,ASSQRPSEVGELF,ATDALMTGF,HLA-A*01:01,peptide_swapped,0,0,RAKFKQLL,4827,0.00100827
29629,29629,YGATPY,YFSGDTLV,AVGARETYNTDKLI,LNHDA,SQIVND,ASSPRQGNNSPLH,ATDALMTGF,HLA-A*01:01,peptide_swapped,0,0,FEDLRLLSF,713,0.00076335686
29695,29695,TRDTTYY,RNSFDEQN,ALRAGNQFY,PRHDT,FYEKMQ,ASSLMRGGTYNSPLH,ATDALMTGF,HLA-A*01:01,peptide_swapped,0,0,RAKFKQLL,1860,0.00081136095
29844,29844,DRGSQS,IYSNGD,AVIAINSGYALN,SGDLS,YYNGEE,ASSENTANTGELF,ATDALMTGF,HLA-A*01:01,VDJdb,1,0,ATDALMTGF,4395,0.010255402
29878,29878,DSASNY,IRSNVGE,AARVRGFGNVLH,MDHEN,SYDVKM,ASRPQQGHNSPLH,ATDALMTGF,HLA-A*01:01,peptide_swapped,0,0,AVFDRKSDAK,852,0.0012350455
30693,30693,SIFNT,LYKAGEL,AGLDDSWGKLQ,SEHNR,FQNEAQ,ASSSLDSYNEQF,ATDALMTGF,HLA-A*01:01,VDJdb,1,0,ATDALMTGF,3658,0.25201955
31613,31613,NIATNDY,GYKTK,LVAAPGNKLT,MNHNS,SASEGT,ASSDRTGRRNEQY,ATDALMTGF,HLA-A*01:01,peptide_swapped,0,0,SPRWYFYYL,1328,0.0030222782
31920,31920,DSASNY,IRSNVGE,AAKEGYSTLT,DFQATT,SNEGSKA,RYKGQGVSGANVLT,ATDALMTGF,HLA-A*01:01,peptide_swapped,0,0,GILGFVFTL,6041,0.00055880845
32425,32425,SSVPPY,YTSAATLV,AVSPSNTGKLI,SGHAT,FQNNGV,ASSPPGTSGGRNEQF,ATDALMTGF,HLA-A*01:01,peptide_swapped,0,0,NLVPMVATV,6236,0.092926055
32474,32474,DSASNY,IRSNVGE,AAKEGYSTLT,SQVTM,ANQGSEA,SVGSGEDSPQY,ATDALMTGF,HLA-A*01:01,peptide_swapped,0,0,RAKFKQLL,4404,0.00082551804
32503,32503,TRDTTYY,RNSFDEQN,ALSEVQLMDSNYQLI,LNHDA,SQIVND,ASSIYSGQPQH,ATDALMTGF,HLA-A*01:01,peptide_swapped,0,0,GILGFVFTL,2851,0.0015350436
32535,32535,SSNFYA,MTLNGDE,AFAGNQFY,LNHNV,YYDKDF,ATSRDKGADGYT,ATDALMTGF,HLA-A*01:01,peptide_swapped,0,0,IVTDFSVIK,3949,0.0010302451
32590,32590,TRDTTYY,RNSFDEQN,ALSEATSGTYKYI,MNHEY,SMNVEV,ASSLITGDTEAF,ATDALMTGF,HLA-A*01:01,peptide_swapped,0,0,RLPGVLPRA,12,0.0017387907
32725,32725,DRGSQS,IYSNGD,AVNMEVSRGGGADGLT,MDHEN,SYDVKM,ASTLGGLGQPQH,ATDALMTGF,HLA-A*01:01,peptide_swapped,0,0,ELAGIGILTV,2725,0.0015873103
32870,32870,TRDTTYY,RNSFDEQN,ALSEFRGNTPLV,SNHLY,FYNNEI,ASSEPIGTGGNQPQH,ATDALMTGF,HLA-A*01:01,peptide_swapped,0,0,NLVPMVATV,1251,0.0180611
33757,33757,SSVSVY,YLSGSTLV,AVVDPSDGYNKLI,SGDLS,YYNGEE,ASSAGGTPDQPQH,ATDALMTGF,HLA-A*01:01,peptide_swapped,0,0,LLWNGPMAV,1248,0.23403984
33956,33956,NSASDY,IRSNMDK,ADPNTGNQFY,SGDLS,YYNGEE,ASSPTDN,ATDALMTGF,HLA-A*01:01,peptide_swapped,0,0,SPRWYFYYL,1736,0.018351976
34825,34825,DRGSQS,IYSNGD,AVKGST,LNHNV,YYDKDF,ATSGSSGTEAF,ATDALMTGF,HLA-A*01:01,peptide_swapped,0,0,ELAGIGILTV,1641,0.0023211783
35092,35092,DRGSQS,IYSNGD,AEGGGSQGNLI,SGHVS,FQNEAQ,ASSLAGLAGGELF,ATDALMTGF,HLA-A*01:01,peptide_swapped,0,0,ELAGIGILTV,850,0.0027143518
35123,35123,NIATNDY,GYKTK,LVAPIGNQGGKLI,MNHNS,SASEGT,ASSEAAASGSPDLYEQY,ATDALMTGF,HLA-A*01:01,peptide_swapped,0,0,CINGVCWTV,5430,0.00888475
35479,35479,SVFSS,VVTGGEV,AGASTGAGSYQLT,KGHSY,FQNENV,ASSHNAGNTGNTIY,ATDALMTGF,HLA-A*01:01,peptide_swapped,0,0,KLGGALQAK,233,0.010059955
35745,35745,VSPFSN,MTFSENT,VVSGSTDKLI,SGHAT,FQNNGV,ASSWGGGSHYGYT,ATDALMTGF,HLA-A*01:01,peptide_swapped,0,0,IVTDFSVIK,2566,0.0007013044
35834,35834,YGATPY,YFSGDTLV,AVGLNTGTASKLT,LNHDA,SHIVND,ASSTRAADTQY,ATDALMTGF,HLA-A*01:01,peptide_swapped,0,0,GILGFVFTL,4442,0.0006607284
35999,35999,VSGNPY,YITGDNLV,AGYYGQNFV,MDHEN,SYDVKM,ASSFQGYTEAF,ATDALMTGF,HLA-A*01:01,peptide_swapped,0,0,NLVPMVATV,1721,0.00054856663
36267,36267,SIFNT,LYKAGEL,AGRGGNAGKST,LNHDA,SQIVND,ASSGYSINEQF,ATDALMTGF,HLA-A*01:01,peptide_swapped,0,0,GILGFVFTL,23,0.002325384
36381,36381,NIATNDY,GYKTK,LVGAPGPGNTPLV,LNHNV,YYDKDF,ATSNLDSFGGYT,ATDALMTGF,HLA-A*01:01,peptide_swapped,0,0,CINGVCWTV,5532,0.001138804
36573,36573,DSSSTY,IFSNMDM,AEKEYADGLT,SGHVS,FQNEAQ,ASSSPEGQPLNTGELF,ATDALMTGF,HLA-A*01:01,peptide_swapped,0,0,GLCTLVAML,1593,0.0006934849
36950,36950,DRGSQS,IYSNGD,AVTFWGDDMR,MNHEY,SVGAGI,ASRAGGGTEAF,ATDALMTGF,HLA-A*01:01,peptide_swapped,0,0,ELAGIGILTV,6273,0.0012754445
37071,37071,TISGNEY,GLKNN,IVRLRCRTPTSSSLI,PRHDT,FYEKMQ,ASSLGGQGSNEQF,ATDALMTGF,HLA-A*01:01,peptide_swapped,0,0,GILGFVFTL,4166,0.00051757984
37131,37131,DRGSQS,IYSNGD,AVNQGGGSQGNLI,MGHRA,YSYEKL,ASSLGGTNEQF,ATDALMTGF,HLA-A*01:01,peptide_swapped,0,0,RAKFKQLL,3862,0.0029988002
37309,37309,TISGNEY,GLKNN,IVREGDRDDKII,SGHNS,FNNNVP,ASSLWGDYEQY,ATDALMTGF,HLA-A*01:01,peptide_swapped,0,0,RAKFKQLL,1824,0.0005564702
37495,37495,NSAFQY,TYSSGN,AMWGAQKLV,MDHEN,SYDVKM,ASSFVKLADSSYNEQF,ATDALMTGF,HLA-A*01:01,VDJdb,1,0,ATDALMTGF,3964,0.6683819
37512,37512,VSPFSN,MTFSENT,VGYTNAGKST,SGHDT,YYEEEE,ASSLRDGSEAF,ATDALMTGF,HLA-A*01:01,peptide_swapped,0,0,RAKFKQLL,651,0.0019511878
163,163,TSINN,IRSNERE,ATDVGDTDKLI,MDHEN,SYDVKM,ASSSSDRGNEQF,ATDALMTGF,HLA-A*01:01,peptide_swapped,0,1,KLGGALQAK,5022,0.002158008
714,714,TRDTTYY,RNSFDEQN,ALSEASGGGNKLT,DFQATT,SNEGSKA,SAKATSGGLSEQY,ATDALMTGF,HLA-A*01:01,peptide_swapped,0,1,AVFDRKSDAK,4634,0.0013018106
832,832,DSASNY,IRSNVGE,NFNKFY,DFQATT,SNEGSKA,SAATRDRVYEQY,ATDALMTGF,HLA-A*01:01,peptide_swapped,0,1,SPRWYFYYL,5700,0.0022477352
1090,1090,DRGSQS,IYSNGD,AVNDGFYNQGGKLI,LGHDT,YNNKEL,ASSQGETGETQY,ATDALMTGF,HLA-A*01:01,peptide_swapped,0,1,ELAGIGILTV,1515,0.0022226064
1165,1165,DRGSQS,IYSNGD,AVEVEYGNKLV,SQVTM,ANQGSEA,SVPGLAGIGDEQF,ATDALMTGF,HLA-A*01:01,peptide_swapped,0,1,AVFDRKSDAK,5701,0.0033901855
1352,1352,NSASQS,VYSSG,VVNKDDKLI,SGHNS,FNNNVP,ALGEQNTGELF,ATDALMTGF,HLA-A*01:01,peptide_swapped,0,1,YLQPRTFLL,1708,0.03203547
1398,1398,NSMFDY,ISSIKDK,AASDSNYQLI,MNHNS,SASEGT,ASSEESGRAAEQY,ATDALMTGF,HLA-A*01:01,peptide_swapped,0,1,NLVPMVATV,5488,0.0035406766
1421,1421,TSINN,IRSNERE,ARLPTTSGTYKYI,SGHTA,FQGNSA,ASSFAGWETQY,ATDALMTGF,HLA-A*01:01,peptide_swapped,0,1,AVFDRKSDAK,4885,0.0051628966
1617,1617,NSMFDY,ISSIKDK,AASAGRTGANNLF,SGHTS,YDEGEE,ASSLWGTEAF,ATDALMTGF,HLA-A*01:01,peptide_swapped,0,1,RPPIFIRRL,6168,0.0011595767
1731,1731,TSINN,IRSNERE,ATDAWGGSEKLV,PRHDT,FYEKMQ,ATDARVGNTGELF,ATDALMTGF,HLA-A*01:01,peptide_swapped,0,1,GILGFVFTL,4203,0.0020693815
1783,1783,SVFSS,VVTGGEV,AGGRSQGNLI,LNHDA,SQIVND,ASSIRSSYEQY,ATDALMTGF,HLA-A*01:01,peptide_swapped,0,1,GILGFVFTL,7,0.0010903324
1815,1815,YGATPY,YFSGDTLV,AVGAGNNDMR,SGHNS,FNNNVP,ASSPQEGETQY,ATDALMTGF,HLA-A*01:01,peptide_swapped,0,1,KLGGALQAK,4291,0.0012314545
1985,1985,DSSSTY,IFSNMDM,ADMGAKGGKLI,WSHSY,SAAADI,ASRGQTPEAF,ATDALMTGF,HLA-A*01:01,peptide_swapped,0,1,RFPLTFGWCF,2371,0.0014391558
2073,2073,DSAIYN,IQSSQRE,AVRQSGSQGNLI,SEHNR,FQNEAQ,ASSSDSQLYEQY,ATDALMTGF,HLA-A*01:01,VDJdb,1,1,ATDALMTGF,3357,0.9985746
2552,2552,TSESDYY,QEAYKQQN,AYYQMYSGGGADGLT,KGHDR,SFDVKD,ATSTRDRVTANTGELF,ATDALMTGF,HLA-A*01:01,VDJdb,1,1,ATDALMTGF,6334,0.9776886
2749,2749,TISGNEY,GLKNN,IVRASGDYKLS,LNHDA,SQIVND,ASSPRSGVEQF,ATDALMTGF,HLA-A*01:01,peptide_swapped,0,1,GILGFVFTL,3238,0.0008381155
3309,3309,DSAIYN,IQSSQRE,AVGLDRGSTLGRLY,MNHEY,SMNVEV,ASSLSGVPHNNEQF,ATDALMTGF,HLA-A*01:01,peptide_swapped,0,1,NLVPMVATV,995,0.62162155
3455,3455,SSVPPY,YTSAATLV,AVGQGDYKLS,ENHRY,SYGVKD,AISESSFGGGEQF,ATDALMTGF,HLA-A*01:01,VDJdb,1,1,ATDALMTGF,5770,0.9566511
3515,3515,TSGFNG,NVLDGL,AVLDSNYQLI,MNHNS,SASEGT,ATSGVPTTNEKLF,ATDALMTGF,HLA-A*01:01,peptide_swapped,0,1,AVFDRKSDAK,612,0.0007401413
3847,3847,VSGNPY,YITGDNLV,AVRDLETNAGKST,LNHDA,SQIVND,ASSTTSGTEQF,ATDALMTGF,HLA-A*01:01,peptide_swapped,0,1,GILGFVFTL,3250,0.00065414136
3967,3967,NSASDY,IRSNMDK,AERPPNQETSGSRLT,LNHDA,SQIVND,ASSIRSSYEQY,ATDALMTGF,HLA-A*01:01,peptide_swapped,0,1,GILGFVFTL,1129,0.005553862
3977,3977,DRGSQS,IYSNGD,AVEGGADGLT,SGHAT,FQNNGV,ASSVTGGLNGEETQY,ATDALMTGF,HLA-A*01:01,peptide_swapped,0,1,ELAGIGILTV,2934,0.0009809345
5138,5138,TISGNEY,GLKNN,IVRVFNDYKLS,SEHNR,FQNEAQ,ASSLVTGNQPQH,ATDALMTGF,HLA-A*01:01,peptide_swapped,0,1,GPRLGVRAT,2729,0.02969754
5627,5627,KALYS,LLKGGEQ,GRQSKFWGLPESY,LNHNV,YYDKDF,ATSFTGTAYEQY,ATDALMTGF,HLA-A*01:01,VDJdb,1,1,ATDALMTGF,4846,0.12014133
5709,5709,TRDTTYY,RNSFDEQN,AFLYNQGGKLI,SGHDY,FNNNVP,ASSPGSRGNIQY,ATDALMTGF,HLA-A*01:01,peptide_swapped,0,1,RAKFKQLL,2745,0.0016781203
6498,6498,NSAFQY,TYSSGN,ATTFGDYKLS,LGHNT,FRNRAP,ASGSTLTGDYNEQF,ATDALMTGF,HLA-A*01:01,peptide_swapped,0,1,KLGGALQAK,4895,0.056197446
6909,6909,DRGSQS,IYSNGD,AAEINAGGTSYGKLT,SGDLS,YYNGEE,ASSVELAPGELF,ATDALMTGF,HLA-A*01:01,peptide_swapped,0,1,GILGFVFTL,2463,0.010673864
7065,7065,DSASNY,IRSNVGE,ASHSTLT,MNHEY,SVGEGT,ASSYSTASEQY,ATDALMTGF,HLA-A*01:01,peptide_swapped,0,1,KLGGALQAK,1091,0.0039166226
7403,7403,NSASQS,VYSSG,VVNEKDDMR,SGHNS,FNNNVP,ASGKQNTGELF,ATDALMTGF,HLA-A*01:01,peptide_swapped,0,1,YLQPRTFLL,4632,0.013906011
7636,7636,VSGNPY,YITGDNLV,AVGEGYSSASKII,LNHDA,SQIVND,ASSARAGITQY,ATDALMTGF,HLA-A*01:01,peptide_swapped,0,1,GILGFVFTL,2508,0.0006133
7973,7973,DSAIYN,IQSSQRE,AVFNTGGFKTI,SGHAT,FQNNGV,ASSVTGQLDEQY,ATDALMTGF,HLA-A*01:01,VDJdb,1,1,ATDALMTGF,671,0.99382186
8446,8446,TSGFNG,NVLDGL,AVMGYQKVT,SGDLS,YYNGEE,ASSPWGGKLYGYT,ATDALMTGF,HLA-A*01:01,peptide_swapped,0,1,RAKFKQLL,3984,0.00067920086
8624,8624,TTLSN,LVKSGEV,AGLTSGTYKYI,KGHDR,SFDVKD,ATSDLTQDEQY,ATDALMTGF,HLA-A*01:01,peptide_swapped,0,1,SPRWYFYYL,2226,0.069760755
8825,8825,SVFSS,VVTGGEV,AGEVGWQTGANNLF,MGHRA,YSYEKL,ASSPTSGSYEQY,ATDALMTGF,HLA-A*01:01,peptide_swapped,0,1,RFPLTFGWCF,273,0.001419284
9539,9539,TRDTTYY,RNSFDEQN,ALSEVYSGGGADGLT,MNHEY,SMNVEV,ASSTGTSVSEQY,ATDALMTGF,HLA-A*01:01,peptide_swapped,0,1,KLGGALQAK,2422,0.0014252111
10098,10098,DSASNY,IRSNVGE,AANGENNAGNMLT,LGHNA,YSLEER,ASSQERGGKWAYEQY,ATDALMTGF,HLA-A*01:01,peptide_swapped,0,1,GILGFVFTL,2629,0.00073601166
10125,10125,TSENNYY,QEAYKQQN,AFMINAGGTSYGKLT,MGHRA,YSYEKL,ASSTSTGTGYGYT,ATDALMTGF,HLA-A*01:01,peptide_swapped,0,1,RAKFKQLL,3531,0.0016274173
10280,10280,SSVPPY,YTSAATLV,AVTGGDYKLS,KGHDR,SFDVKD,ATSDSSFGGGPQH,ATDALMTGF,HLA-A*01:01,VDJdb,1,1,ATDALMTGF,413,0.66113085
11840,11840,TSESDYY,QEAYKQQN,AYRSRNNNDMR,SEHNR,FQNEAQ,AITIADVSTDTQY,ATDALMTGF,HLA-A*01:01,VDJdb,1,1,ATDALMTGF,2227,0.98057824
12165,12165,DRGSQS,IYSNGD,AVYLIYNQGGKLI,SEHNR,FQNEAQ,ASSLLAGNTGELF,ATDALMTGF,HLA-A*01:01,VDJdb,1,1,ATDALMTGF,1318,0.33084923
12228,12228,TSGFNG,NVLDGL,AVHTGTASKLT,MNHEY,SMNVEV,ASSFDPGSYGYT,ATDALMTGF,HLA-A*01:01,peptide_swapped,0,1,NLVPMVATV,4413,0.0006025337
12478,12478,YGGTVN,YFSGDPLV,AVFVFDNARLM,SGHAT,FQNNGV,ASSLAWAGSATDTQY,ATDALMTGF,HLA-A*01:01,peptide_swapped,0,1,RAKFKQLL,2056,0.0007951909
12781,12781,TSESDYY,QEAYKQQN,AYRSNYGGSQGNLI,MGHRA,YSYEKL,ASRDNMNSNQPQH,ATDALMTGF,HLA-A*01:01,VDJdb,1,1,ATDALMTGF,5237,0.9957144
13209,13209,SVFSS,VVTGGEV,AGGLTYNQGGKLI,MNHNS,SASEGT,ASSDFQAINQPQH,ATDALMTGF,HLA-A*01:01,peptide_swapped,0,1,GILGFVFTL,3321,0.0035678158
13504,13504,NIATNDY,GYKTK,LVGDILYDKII,LGHNA,YSLEER,ASSQLHLAGGLDEQF,ATDALMTGF,HLA-A*01:01,peptide_swapped,0,1,AVFDRKSDAK,1440,0.0013133397
13833,13833,NIATNDY,GYKTK,LVGDSKGGGADGLT,LGHNA,YNFKEQ,ASSPEASGAPYEQY,ATDALMTGF,HLA-A*01:01,peptide_swapped,0,1,CINGVCWTV,3524,0.0010108628
13850,13850,YGATPY,YFSGDTLV,AVGGNNNDMR,DFQATT,SNEGSKA,SARDYLNSYEQY,ATDALMTGF,HLA-A*01:01,peptide_swapped,0,1,GILGFVFTL,5608,0.0025881026
14070,14070,TSENNYY,QEAYKQQN,AFMKRTYGQNFV,MDHEN,SYDVKM,ASSFDSGGLGAQY,ATDALMTGF,HLA-A*01:01,peptide_swapped,0,1,KLGGALQAK,5137,0.003925525
15150,15150,NSMFDY,ISSIKDK,AASALRGMDSNYQLI,LNHDA,SHIVND,ASSIFAHSSQPQH,ATDALMTGF,HLA-A*01:01,peptide_swapped,0,1,GILGFVFTL,5965,0.009823873
15367,15367,DSAIYN,IQSSQRE,AVKLIQGAQKLV,SGHDY,FNNNVP,ASNYIAGVEEQF,ATDALMTGF,HLA-A*01:01,VDJdb,1,1,ATDALMTGF,47,0.9664991
15533,15533,TISGNEY,GLKNN,IVLGGMKTSYDKVI,SGDLS,YYNGEE,ASSLSSGTYEQY,ATDALMTGF,HLA-A*01:01,peptide_swapped,0,1,IVTDFSVIK,915,0.0014462204
15805,15805,VSPFSN,MTFSENT,VVSEGLSDGQKLL,MNHEY,SVGEGT,ASSYQAGGYNEQF,ATDALMTGF,HLA-A*01:01,peptide_swapped,0,1,RAKFKQLL,1389,0.007998933
15873,15873,DRGSQS,IYSNGD,AVGWNNNARLM,DFQATT,SNEGSKA,SARGISRPYGDEKLF,ATDALMTGF,HLA-A*01:01,peptide_swapped,0,1,RAKFKQLL,5156,0.0017451457
15969,15969,DSAIYN,IQSSQRE,APEGEGPGGGADGLT,SEHNR,FQNEAQ,ASSSKLSQGAGEKLF,ATDALMTGF,HLA-A*01:01,peptide_swapped,0,1,KLGGALQAK,1595,0.9208636
16249,16249,NSASDY,IRSNMDK,AENNAGNMLT,LNHNV,YYDKDF,ATSRLASSYNEQF,ATDALMTGF,HLA-A*01:01,peptide_swapped,0,1,ELAGIGILTV,1755,0.37028864
16287,16287,DSSSTY,IFSNMDM,AESGGSQGNLI,LNHNV,YYDKDF,ATSRVTPNTEAF,ATDALMTGF,HLA-A*01:01,peptide_swapped,0,1,CINGVCWTV,2109,0.0032269333
16881,16881,DRGSQS,IYSNGD,AVGPSGYSTLT,SGHVS,FQNEAQ,ASSFHPTDIESSYEQY,ATDALMTGF,HLA-A*01:01,peptide_swapped,0,1,KLGGALQAK,108,0.016585866
17801,17801,TISGTDY,GLTSN,ILPLAGGTSYGKLT,ENHRY,SYGVKD,AISESYEQY,ATDALMTGF,HLA-A*01:01,peptide_swapped,0,1,NLVPMVATV,2392,0.2327114
18858,18858,TISGTDY,GLTSN,ILRPYSSASKII,KGHSH,LQKENI,ASSPVSQGANSGNTIY,ATDALMTGF,HLA-A*01:01,peptide_swapped,0,1,AVFDRKSDAK,6012,0.0016150465
18877,18877,TSGFNG,NVLDGL,AVRDEFSGGYNKLI,SGHVS,FQNEAQ,ASSLKTANTGELF,ATDALMTGF,HLA-A*01:01,peptide_swapped,0,1,AVFDRKSDAK,1666,0.0008524078
20032,20032,TSGFYG,NALDGL,AVRGGNRDDKII,ENHRY,SYGVKD,AISESGDYEQF,ATDALMTGF,HLA-A*01:01,peptide_swapped,0,1,IVTDFSVIK,1175,0.002015034
20363,20363,DSAIYN,IQSSQRE,AVRRTGGFKTI,SGHAT,FQNNGV,ASSETGQLDEQF,ATDALMTGF,HLA-A*01:01,VDJdb,1,1,ATDALMTGF,4198,0.98987746
20540,20540,SVFSS,VVTGGEV,AGADGGSQGNLI,LNHDA,SQIVND,ASSTRSAAPLH,ATDALMTGF,HLA-A*01:01,peptide_swapped,0,1,GILGFVFTL,5376,0.00096617325
20778,20778,TRDTTYY,RNSFDEQN,ALRAGNQFY,SGHNS,FNNNVP,ASSFSGNTGELF,ATDALMTGF,HLA-A*01:01,peptide_swapped,0,1,RAKFKQLL,5398,0.0010608388
21128,21128,SIFNT,LYKAGEL,AGPSNTGKLI,MGHRA,YSYEKL,AVLVDPYNEQF,ATDALMTGF,HLA-A*01:01,peptide_swapped,0,1,GILGFVFTL,4132,0.13307214
21815,21815,TRDTTYY,RNSFDEQN,ALSERQGAQKLV,DFQATT,SNEGSKA,SASGRDTDYEQY,ATDALMTGF,HLA-A*01:01,peptide_swapped,0,1,KLGGALQAK,4065,0.0009653883
21953,21953,TSGFNG,NVLDGL,AVRLQAGTALI,SGHNS,FNNNVP,ASSFSGNTGELF,ATDALMTGF,HLA-A*01:01,peptide_swapped,0,1,RAKFKQLL,4333,0.0006876599
22166,22166,KALYS,LLKGGEQ,GTGGSQGNLI,SGDLS,YYNGEE,ASSVRSADTQY,ATDALMTGF,HLA-A*01:01,peptide_swapped,0,1,GILGFVFTL,5130,0.10199009
22381,22381,DRGSQS,IYSNGD,AVAVGVSGGGADGLT,SGHAT,FQNNGV,ASSSGGPFYEQY,ATDALMTGF,HLA-A*01:01,peptide_swapped,0,1,GILGFVFTL,647,0.0015619103
22403,22403,DSASNY,IRSNVGE,AASYGSGGYNKLI,MGHRA,YSYEKL,ASSQDAGTAHVGEQF,ATDALMTGF,HLA-A*01:01,peptide_swapped,0,1,SPRWYFYYL,4494,0.0019885649
22473,22473,DRGSQS,IYSNGD,ATGDDKII,SQVTM,ANQGSEA,SVPTSGGSNEQF,ATDALMTGF,HLA-A*01:01,peptide_swapped,0,1,LLWNGPMAV,5366,0.003145071
22923,22923,YGATPY,YFSGDTLV,AVGLYYGNNRLA,LGHDT,YNNKEL,ASSPVTGSSYEQY,ATDALMTGF,HLA-A*01:01,peptide_swapped,0,1,GLCTLVAML,577,0.002286037
23433,23433,DRGSQS,IYSNGD,AVSTDKLI,MNHEY,SMNVEV,ASSLKLAGTDTQY,ATDALMTGF,HLA-A*01:01,peptide_swapped,0,1,LLWNGPMAV,663,0.0028220732
23665,23665,TSDQSYG,QGSYDEQN,AMREGQGFQKLV,KGHSH,LQKENI,ASSSPDRGDQPQH,ATDALMTGF,HLA-A*01:01,VDJdb,1,1,ATDALMTGF,2133,0.5872567
23875,23875,NSASQS,VYSSG,VAGAAGNKLT,SQVTM,ANQGSEA,SGSLWTGDSYEQY,ATDALMTGF,HLA-A*01:01,VDJdb,1,1,ATDALMTGF,1702,0.4913714
24219,24219,SSVPPY,YTSAATLV,AVSLLNYGGSQGNLI,SGDLS,YYNGEE,ASSENTANTGELF,ATDALMTGF,HLA-A*01:01,VDJdb,1,1,ATDALMTGF,4374,0.98643756
25198,25198,DRGSQS,IYSNGD,AVNADGQKLL,SGHTA,FQGNSA,ASSHGQGAYEQY,ATDALMTGF,HLA-A*01:01,peptide_swapped,0,1,LLWNGPMAV,357,0.0019611819
25251,25251,TRDTTYY,RNSFDEQN,ALSEWNTGFQKLV,MNHEY,SMNVEV,ASSLTSGTYEQY,ATDALMTGF,HLA-A*01:01,VDJdb,1,1,ATDALMTGF,200,0.0025509829
25321,25321,VSNAYN,GSKP,AFTGGSQGNLI,SQVTM,ANQGSEA,SVMDPMSGYTIY,ATDALMTGF,HLA-A*01:01,peptide_swapped,0,1,ELAGIGILTV,2816,0.07015735
25335,25335,SSYSPS,YTSAATLV,VVSDRGSQGNLI,SGHDT,YYEEEE,ASSGGTSGYNEQF,ATDALMTGF,HLA-A*01:01,peptide_swapped,0,1,IVTDFSVIK,93,0.0054557957
25808,25808,NSASQS,VYSSG,VVNPHYGQNFV,SGHRS,YFSETQ,ASNDGTLNTEAF,ATDALMTGF,HLA-A*01:01,peptide_swapped,0,1,KSKRTPMGF,3655,0.007925305
25866,25866,DRGSQS,IYSNGD,AVNTYSGAGSYQLT,MDHEN,SYDVKM,ASSSQGVGNTIY,ATDALMTGF,HLA-A*01:01,peptide_swapped,0,1,ELAGIGILTV,5239,0.0024006367
25913,25913,VSGNPY,YITGDNLV,AVRAYGQNFV,LGHNA,YSLEER,ASSQTPPGQGTDTQY,ATDALMTGF,HLA-A*01:01,peptide_swapped,0,1,GPRLGVRAT,1661,0.0006066941
27003,27003,TSDQSYG,QGSYDEQN,AMREGRNSSYKLI,SGHTA,FQGNSA,ASSLVGAGNDEQY,ATDALMTGF,HLA-A*01:01,VDJdb,1,1,ATDALMTGF,469,0.1051152
27198,27198,DRGSQS,IYSNGD,AGGAGTALI,SGHDN,FVKESK,ASSQGPAAYEQY,ATDALMTGF,HLA-A*01:01,peptide_swapped,0,1,LLWNGPMAV,5844,0.004058429
27471,27471,TSESDYY,QEAYKQQN,AYRSLYGGSQGNLI,MGHRA,YSYEKL,ASSQEKNSNQPQH,ATDALMTGF,HLA-A*01:01,VDJdb,1,1,ATDALMTGF,2938,0.99832326
27547,27547,SSVSVY,YLSGSTLV,AVSEGNYQLI,ENHRY,SYGVKD,AISDSTIGNTEAF,ATDALMTGF,HLA-A*01:01,VDJdb,1,1,ATDALMTGF,5967,0.9564372
28191,28191,DSAIYN,IQSSQRE,AVDLMKTSYDKVI,SGHRS,YFSETQ,ASSLAADYEQY,ATDALMTGF,HLA-A*01:01,peptide_swapped,0,1,KLGGALQAK,4050,0.045176208
28663,28663,YGATPY,YFSGDTLV,AVGDNFNKFY,PRHDT,FYEKMQ,ASSLGLAGGQETQY,ATDALMTGF,HLA-A*01:01,peptide_swapped,0,1,AVFDRKSDAK,1136,0.00065518904
28826,28826,TSINN,IRSNERE,ATDPNTGGFKTI,MNHEY,SVGEGT,ASSYPNQPQH,ATDALMTGF,HLA-A*01:01,peptide_swapped,0,1,LLWNGPMAV,5737,0.42271885
29032,29032,NSASQS,VYSSG,VVNVGLDDKII,LNHDA,SQIVND,ASRPTGQLYEQY,ATDALMTGF,HLA-A*01:01,VDJdb,1,1,ATDALMTGF,4867,0.05298423
29870,29870,DRGSQS,IYSNGD,AVTGNEKLT,MNHEY,SVGAGI,ASSYSSSGGAYEQY,ATDALMTGF,HLA-A*01:01,peptide_swapped,0,1,LLWNGPMAV,5412,0.003642014
29981,29981,KALYS,LLKGGEQ,GTEYPNDYKLS,SGDLS,YYNGEE,ASSSGLVSNTGELF,ATDALMTGF,HLA-A*01:01,peptide_swapped,0,1,GLCTLVAML,2048,0.053264834
30078,30078,DRGSQS,IYSNGD,AVNGYSGAGSYQLT,SEHNR,FQNEAQ,ASSQPAGNTIY,ATDALMTGF,HLA-A*01:01,peptide_swapped,0,1,ELAGIGILTV,3982,0.04831018
31490,31490,SIFNT,LYKAGEL,AGHTGNQFY,LNHDA,SQIVND,ASSIYSNQPQH,ATDALMTGF,HLA-A*01:01,peptide_swapped,0,1,IVTDFSVIK,4965,0.032840498
31558,31558,VSGNPY,YITGDNLV,AVRERNAGNNRKLI,DFQATT,SNEGSKA,SARGADTQY,ATDALMTGF,HLA-A*01:01,peptide_swapped,0,1,NLVPMVATV,1895,0.0006554757
32343,32343,DRGSQS,IYSNGD,AVNTGNQFY,LNHNV,YYDKDF,ATSRDGGGWGDDTEAF,ATDALMTGF,HLA-A*01:01,peptide_swapped,0,1,KLGGALQAK,5984,0.0009467851
32761,32761,NSASDY,IRSNMDK,AEIPSGAGSYQLT,SGHDT,YYEEEE,ASSPGQGPYEQY,ATDALMTGF,HLA-A*01:01,peptide_swapped,0,1,KLGGALQAK,3026,0.0050956425
33216,33216,SVFSS,VVTGGEV,AANYGGSQGNLI,LNHDA,SQIVND,ASSLRSSYEQY,ATDALMTGF,HLA-A*01:01,peptide_swapped,0,1,GILGFVFTL,5352,0.0014662315
33277,33277,SVFSS,VVTGGEV,AARSEKLV,MNHEY,SMNVEV,ASSLPGRYEQY,ATDALMTGF,HLA-A*01:01,peptide_swapped,0,1,KLGGALQAK,2963,0.0010151025
33516,33516,NSASQS,VYSSG,VVNLNARLM,SGHVS,FNYEAQ,ASSSESLAVYSNEQF,ATDALMTGF,HLA-A*01:01,peptide_swapped,0,1,ELAGIGILTV,6241,0.046262354
33955,33955,TSINN,IRSNERE,ATERIPYGNKLV,SGHAT,FQNNGV,ASSWGGGSHYGYT,ATDALMTGF,HLA-A*01:01,peptide_swapped,0,1,IVTDFSVIK,6313,0.0007202364
34011,34011,TISGNEY,GLKNN,IVRVNAGNMLT,SGDLS,YYNGEE,ASSVRVASMTGELF,ATDALMTGF,HLA-A*01:01,peptide_swapped,0,1,RAKFKQLL,2081,0.0028902579
34249,34249,DSAIYN,IQSSQRE,AVSNGGSQGNLI,SEHNR,FQNEAQ,ASNLIGQLNEQY,ATDALMTGF,HLA-A*01:01,VDJdb,1,1,ATDALMTGF,479,0.9989921
34287,34287,TSGFNG,NVLDGL,AVMDSNYQLI,MNHNS,SASEGT,ASSEGAYNEQF,ATDALMTGF,HLA-A*01:01,peptide_swapped,0,1,KLGGALQAK,2183,0.0007405738
34632,34632,YGATPY,YFSGDTLV,AVGAGNSGYSTLT,LNHDA,SQIVND,ASSIRSAYEQY,ATDALMTGF,HLA-A*01:01,peptide_swapped,0,1,GILGFVFTL,2170,0.0014595638
34736,34736,DSAIYN,IQSSQRE,AVRFNVRSNDYKLS,DFQATT,SNEGSKA,SASGGIADSGANVLT,ATDALMTGF,HLA-A*01:01,peptide_swapped,0,1,IVTDFSVIK,989,0.3144598
34785,34785,TSINN,IRSNERE,ATVIYNQGGKLI,MGHRA,YSYEKL,ASSTSTGTGYGYT,ATDALMTGF,HLA-A*01:01,peptide_swapped,0,1,IVTDFSVIK,447,0.0010941178
34837,34837,DRGSQS,IYSNGD,ALAPDKLI,SGHDY,FNNNVP,ASSSQGLSTEAF,ATDALMTGF,HLA-A*01:01,peptide_swapped,0,1,LLWNGPMAV,5691,0.0077341446
34839,34839,TSINN,IRSNERE,ATVPNTGGFKTI,MNHEY,SMNVEV,ASTRGVGTEAF,ATDALMTGF,HLA-A*01:01,peptide_swapped,0,1,GILGFVFTL,2490,0.010161636
34932,34932,SSVPPY,YTSAATLV,AVTGGDYKLS,ENHRY,SYGVKD,AISESSSGNNEQF,ATDALMTGF,HLA-A*01:01,VDJdb,1,1,ATDALMTGF,884,0.99347323
34933,34933,NIATNDY,GYKTK,LVGEGRGGMDSNYQLI,LGHNA,YSLEER,ASSLETGKWGEQY,ATDALMTGF,HLA-A*01:01,peptide_swapped,0,1,CINGVCWTV,5302,0.00083287345
35025,35025,NSAFQY,TYSSGN,ATGGNEKLT,SGHTA,FQGTGA,ASSYGGYTEAF,ATDALMTGF,HLA-A*01:01,peptide_swapped,0,1,IVTDFSVIK,3641,0.003988299
35487,35487,ATGYPS,ATKADDK,ALLDNAGNMLT,SGDLS,YYNGEE,ASSVGTGLGQPQH,ATDALMTGF,HLA-A*01:01,peptide_swapped,0,1,SLFNTVATLY,1651,0.0041355663
35573,35573,TSENNYY,QEAYKQQN,AFMRDTGNQFY,LNHDA,SQIVND,ASRPGTNTEAF,ATDALMTGF,HLA-A*01:01,peptide_swapped,0,1,LLWNGPMAV,4673,0.0012160848
36035,36035,KALYS,LLKGGEQ,GTEDGNNRLA,SGHVS,FQNEAQ,ASSLVSLGIDNEQF,ATDALMTGF,HLA-A*01:01,peptide_swapped,0,1,KSKRTPMGF,1564,0.004441818
36412,36412,SSYSPS,YTSAATLV,VVSDREYGGSQGNLI,SGHTA,FQGTGA,ASSLDLSGGITDTQY,ATDALMTGF,HLA-A*01:01,peptide_swapped,0,1,AVFDRKSDAK,1042,0.062149663
36444,36444,STGYPT,ETMEN,LLGTDKLI,SGHNS,FNNNVP,ASSFSGNTGELF,ATDALMTGF,HLA-A*01:01,peptide_swapped,0,1,RAKFKQLL,3718,0.0017740064
36946,36946,VSGNPY,YITGDNLV,AVRDINSGTYKYI,MNHEY,SMNVEV,ASSSRLAGGGETQY,ATDALMTGF,HLA-A*01:01,peptide_swapped,0,1,RFPLTFGWCF,1202,0.0008335073
37004,37004,TSGFNG,NVLDGL,AVSRAAGNKLT,SGDLS,YYNGEE,ASSVGQPLNYGYT,ATDALMTGF,HLA-A*01:01,peptide_swapped,0,1,IVTDFSVIK,1671,0.00071494916
37344,37344,TSGFNG,NVLDGL,AVKDSNYQLI,LGHDT,YNNKEL,ASSQSVSGANVLT,ATDALMTGF,HLA-A*01:01,peptide_swapped,0,1,KLGGALQAK,902,0.0007611092
37562,37562,DRGSQS,IYSNGD,AVNAGNQFY,SGHAT,FQNNGV,ASSLGFLTGELF,ATDALMTGF,HLA-A*01:01,peptide_swapped,0,1,ELAGIGILTV,3819,0.0016068358
37630,37630,TSGFYG,NALDGL,AVRSGSGGSYIPT,SGHNT,YYREEE,ASSLEGMGTEAF,ATDALMTGF,HLA-A*01:01,peptide_swapped,0,1,KLGGALQAK,5877,0.00068350986
37709,37709,VSPFSN,MTFSENT,VVSAGLGKTSYDKVI,DFQATT,SNEGSKA,RYKGQGVSGANVLT,ATDALMTGF,HLA-A*01:01,peptide_swapped,0,1,GILGFVFTL,3202,0.002032551
212,212,TRDTTYY,RNSFDEQN,ALSEAFTGGGNKLT,SGHDY,FNNNVP,ASSTLTIATLDNEQF,ATDALMTGF,HLA-A*01:01,peptide_swapped,0,2,KLGGALQAK,1246,0.003348448
321,321,DRGSQS,IYSNGD,AGSASKII,WSHSY,SAAADI,ASSTGTVSYEQY,ATDALMTGF,HLA-A*01:01,peptide_swapped,0,2,LLWNGPMAV,414,0.017855415
1044,1044,NSASDY,IRSNMDK,AAPKGANNLF,LNHDA,SQIVND,ASSTRSGDTQY,ATDALMTGF,HLA-A*01:01,peptide_swapped,0,2,GILGFVFTL,5193,0.0040111775
1873,1873,TSENNYY,QEAYKQQN,ALRDGKANLM,MGHRA,YSYEKL,ASSQEWGRGTDTQY,ATDALMTGF,HLA-A*01:01,peptide_swapped,0,2,RPPIFIRRL,2870,0.00571189
1974,1974,DRGSQS,IYSNGD,AVAGYGGSQGNLIFG,MDHEN,SYDVKM,ASSPQGLGTEAFFG,ATDALMTGF,HLA-A*01:01,peptide_swapped,0,2,ELAGIGILTV,2639,0.0018348466
2313,2313,TSGFNG,NVLDGL,AVRSFSGGYNKLI,SGHTA,FQGNSA,ASSLAGDSYEQY,ATDALMTGF,HLA-A*01:01,peptide_swapped,0,2,GILGFVFTL,2499,0.0010243616
2416,2416,TSINN,IRSNERE,ATDATRDDKII,SGHTA,FQGNSA,ASSLGGAPYNEQF,ATDALMTGF,HLA-A*01:01,peptide_swapped,0,2,LLWNGPMAV,4493,0.001906293
2423,2423,TRDTTYY,RNSFDEQN,ALSEAPGAQKLV,MGHRA,YSYEKL,ASSQVSGTYNEQF,ATDALMTGF,HLA-A*01:01,peptide_swapped,0,2,KLGGALQAK,5275,0.002460986
3023,3023,NSASQS,VYSSG,VVNKDSGYALN,SQVTM,ANQGSEA,SVEADRNTGELF,ATDALMTGF,HLA-A*01:01,peptide_swapped,0,2,YLQPRTFLL,2806,0.6756802
3695,3695,TSGFNG,NVLDGL,ALPFSGAGSYQLT,MNHEY,SVGEGT,ASRTGSGEQY,ATDALMTGF,HLA-A*01:01,peptide_swapped,0,2,KLGGALQAK,4370,0.0009108896
3700,3700,NSASDY,IRSNMDK,AENNGGGSQGNLI,LNHDA,SQIVND,ASSGRAGGELF,ATDALMTGF,HLA-A*01:01,peptide_swapped,0,2,GILGFVFTL,5539,0.0039262846
5038,5038,DSAIYN,IQSSQRE,AVRRPQGDFNKFY,MNHEY,SMNVEV,ASSTQGQLTEAF,ATDALMTGF,HLA-A*01:01,VDJdb,1,2,ATDALMTGF,5308,0.8670093
5489,5489,DRGSQS,IYSNGD,AVSGDMR,MNHEY,SVGAGI,ATQPTSVSGQPQH,ATDALMTGF,HLA-A*01:01,peptide_swapped,0,2,ELAGIGILTV,6337,0.007975876
5614,5614,DSVNN,IPSGT,AVDRYGTYKYI,SGHRS,YFSETQ,ASSPRLAGYQETQY,ATDALMTGF,HLA-A*01:01,peptide_swapped,0,2,AVFDRKSDAK,105,0.0011095073
5937,5937,TRDTTYY,RNSFDEQN,ASNLKGSNYQLI,LNHNV,YYDKDF,ATSPGGGRDLYEQY,ATDALMTGF,HLA-A*01:01,peptide_swapped,0,2,KLGGALQAK,3969,0.005996469
6505,6505,SVFSS,VVTGGEV,AGAHGSSNTGKLI,LNHDA,SQIVND,ASSMDRGSADTQY,ATDALMTGF,HLA-A*01:01,peptide_swapped,0,2,GILGFVFTL,4400,0.0010978587
6911,6911,NIATNDY,GYKTK,LVGDYNFNKFY,LGHNA,YSLEER,ASSQEVSAGGGDTQY,ATDALMTGF,HLA-A*01:01,peptide_swapped,0,2,CINGVCWTV,4414,0.0013533671
6930,6930,TTSDR,LLSNGAV,AVDEGLGNYGGSQGNLI,LNHDA,SQIVND,ASSTYSTDTQY,ATDALMTGF,HLA-A*01:01,peptide_swapped,0,2,GILGFVFTL,2527,0.0018618732
7078,7078,NSASQS,VYSSG,VVNGYNFNKFY,SGHTS,YDEGEE,ASSGTGVYEQY,ATDALMTGF,HLA-A*01:01,peptide_swapped,0,2,AVFDRKSDAK,1259,0.009776841
7422,7422,DRGSQS,IYSNGD,AVAVGVSGGGADGLT,SGHTA,FQGNSA,ASILPQGTQY,ATDALMTGF,HLA-A*01:01,peptide_swapped,0,2,GILGFVFTL,5926,0.0035919605
7719,7719,NSASDY,IRSNMDK,AENGGGSTLGRLY,LNHDA,SHIVND,ASSTRSTDTQY,ATDALMTGF,HLA-A*01:01,peptide_swapped,0,2,GILGFVFTL,2567,0.0051175454
7890,7890,SIFNT,LYKAGEL,AGQVSNNNDMR,SEHNR,FQNEAQ,ASSSLERSFGEAF,ATDALMTGF,HLA-A*01:01,VDJdb,1,2,ATDALMTGF,8,0.046116322
7987,7987,NIATNDY,GYKTK,LVGDGAGGSYIPT,SGHNS,FNNNVP,ASSTGTGVFEDTEAF,ATDALMTGF,HLA-A*01:01,peptide_swapped,0,2,DATYQRTRALVR,1002,0.00097584334
8042,8042,NSASDY,IRSNMDK,AEKGPNFNKFY,MNHNS,SASEGT,ASSEWGSGTEAF,ATDALMTGF,HLA-A*01:01,peptide_swapped,0,2,AVFDRKSDAK,4248,0.0020503802
8061,8061,NSASQS,VYSSG,VVLMNRDDKII,SEHNR,FQNEAQ,ASSLGAGRGYEQY,ATDALMTGF,HLA-A*01:01,peptide_swapped,0,2,HPVTKYIM,5540,0.123024635
8162,8162,NTAFDY,IRPDVSE,AAKAAGNKLT,LNHDA,SQIVND,ASSTQVIGNQPQH,ATDALMTGF,HLA-A*01:01,VDJdb,1,2,ATDALMTGF,1112,0.0074907867
8199,8199,NIATNDY,GYKTK,LVGEVSGYSTLT,SGHAT,FQNNGV,ASSWGGGSHYGYT,ATDALMTGF,HLA-A*01:01,peptide_swapped,0,2,IVTDFSVIK,891,0.0009024826
8255,8255,TISGNEY,GLKNN,IVRVAGYGGSQGNLI,LNHDA,SQIVND,ASSIGSGMNSPLH,ATDALMTGF,HLA-A*01:01,peptide_swapped,0,2,FEDLRLLSF,5804,0.00092042354
8320,8320,TISGTDY,GLTSN,ILIPTGTYKYI,MNHEY,SMNVEV,ASSLEGFTEAF,ATDALMTGF,HLA-A*01:01,peptide_swapped,0,2,NLVPMVATV,2211,0.0012997593
8817,8817,DRGSQS,IYSNGD,AVADDKII,SGHAT,FQNNGV,ASSHGGGFAYEQY,ATDALMTGF,HLA-A*01:01,peptide_swapped,0,2,LLWNGPMAV,4987,0.001158098
8960,8960,DRGSQS,IYSNGD,AVNLGNEKLT,SGHDY,FNNNVP,ASSLLGSYNEQF,ATDALMTGF,HLA-A*01:01,VDJdb,1,2,ATDALMTGF,3685,0.004572407
9230,9230,TSGFNG,NVLDGL,AVRAPLSDGQKLL,SGHTA,FQGNSA,ASSLDLAGTGANVLT,ATDALMTGF,HLA-A*01:01,peptide_swapped,0,2,AVFDRKSDAK,4478,0.00082641584
9409,9409,DRGSQS,IYSNGD,AVLPSGNTPLV,SGHVS,FQNEAQ,ASRGRETQY,ATDALMTGF,HLA-A*01:01,peptide_swapped,0,2,HPVTKYIM,3501,0.0024554953
9832,9832,TSESDYY,QEAYKQQN,AYRSATFSGGGADGLT,MDHEN,SYDVKM,ASSRPVGLFNYGYT,ATDALMTGF,HLA-A*01:01,peptide_swapped,0,2,CINGVCWTV,4776,0.07117785
10279,10279,TSESDYY,QEAYKQQN,AYRSLYNNNDMR,SNHLY,FYNNEI,ASRTGISNTGELF,ATDALMTGF,HLA-A*01:01,VDJdb,1,2,ATDALMTGF,4851,0.99379426
10515,10515,SSYSPS,YTSAATLV,VVSDRNFNKFY,ENHRY,SYGVKD,AISESQGPGGETQY,ATDALMTGF,HLA-A*01:01,peptide_swapped,0,2,CTELKLSDY,4497,0.7715335
10530,10530,DSASNY,IRSNVGE,AASWVTGGGNKLT,MNHEY,SVGAGI,ASSYDSELNNEQF,ATDALMTGF,HLA-A*01:01,peptide_swapped,0,2,AVFDRKSDAK,4771,0.008740564
10554,10554,DRGSQS,IYSNGD,AVNNARLM,MNHEY,SMNVEV,ASSLSGGLAFEPDTQY,ATDALMTGF,HLA-A*01:01,peptide_swapped,0,2,ELAGIGILTV,899,0.0015476061
10610,10610,KTLYG,LQKGGEE,GADSRYSSASKII,SQVTM,ANQGSEA,SVVGNYGYT,ATDALMTGF,HLA-A*01:01,peptide_swapped,0,2,KLGGALQAK,4157,0.06259267
10638,10638,DSSSTY,IFSNMDM,AEDAGNMLT,LNHDA,SQIVND,ASSIRSTDTQY,ATDALMTGF,HLA-A*01:01,peptide_swapped,0,2,GILGFVFTL,3483,0.0009839375
11232,11232,VSGNPY,YITGDNLV,AVRETGANNLF,SGHTA,FQGTGA,ASRRLAGEGQETQY,ATDALMTGF,HLA-A*01:01,peptide_swapped,0,2,GILGFVFTL,5173,0.00089123176
11299,11299,YSGSPE,HISR,LPSCSGNTPL,MDHEN,SYDVKM,SSVFGTSYEQ,ATDALMTGF,HLA-A*01:01,peptide_swapped,0,2,GILGFVFTL,1105,0.0018507444
11381,11381,SIFNT,LYKAGEL,AGLITQGGSEKLV,SQVTM,ANQGSEA,SVSRGPYEQY,ATDALMTGF,HLA-A*01:01,peptide_swapped,0,2,AVFDRKSDAK,3522,0.07654062
11842,11842,DSAIYN,IQSSQRE,AVKDGGSQGNLI,SEHNR,FQNEAQ,ASSFDSQLYEQY,ATDALMTGF,HLA-A*01:01,VDJdb,1,2,ATDALMTGF,5304,0.9977275
12106,12106,DRGSQS,IYSNGD,GTYNQGGKLI,MNHEY,SMNVEV,ASSGASHEQY,ATDALMTGF,HLA-A*01:01,peptide_swapped,0,2,RFPLTFGWCF,5851,0.0068851765
14079,14079,SSVPPY,YTSAATLV,AVTKGLTGGGNKLT,LNHDA,SQIVND,ASSGRDRQNTEAF,ATDALMTGF,HLA-A*01:01,peptide_swapped,0,2,LLWNGPMAV,3723,0.053750936
14129,14129,YSGSPE,HISR,ALDRAGNNRKLI,LNHDA,SQIVND,ASSIRSSYEQY,ATDALMTGF,HLA-A*01:01,peptide_swapped,0,2,GILGFVFTL,698,0.001465266
14332,14332,TSESDYY,QEAYKQQN,AYRTPYGGSQGNLI,DFQATT,SNEGSKA,SARDLSSSNQPQH,ATDALMTGF,HLA-A*01:01,VDJdb,1,2,ATDALMTGF,4683,0.9258956
14739,14739,SIFNT,LYKAGEL,AGHTGNQFY,SQVTM,ANQGSEA,SVGSGEDSPQY,ATDALMTGF,HLA-A*01:01,peptide_swapped,0,2,IVTDFSVIK,72,0.024520233
14857,14857,TSENNYY,QEAYKQQN,AFMTNAGGTSYGKLT,LNHDA,SQIVND,ASSFGSHGYT,ATDALMTGF,HLA-A*01:01,peptide_swapped,0,2,GILGFVFTL,2113,0.0024163323
15530,15530,SVFSS,VVTGGEV,AGASGGSQGNLI,SQVTM,ANQGSEA,SVGTGGAGQPQH,ATDALMTGF,HLA-A*01:01,peptide_swapped,0,2,GILGFVFTL,16,0.0024581663
16260,16260,TISGNEY,GLKNN,ILWVAAGNKLT,SGDLS,YYNGEE,ASSVRSSMNTEAF,ATDALMTGF,HLA-A*01:01,peptide_swapped,0,2,RAKFKQLL,3712,0.0033595972
16733,16733,NSAFQY,TYSSGN,AMNSNTGKLI,LGHNA,YNFKEQ,ASSQRPSEVGELF,ATDALMTGF,HLA-A*01:01,peptide_swapped,0,2,RAKFKQLL,5895,0.038200013
17042,17042,DRGSQS,IYSNGD,AVWAGNQFY,MNHEY,SVGEGT,ASSYPRTASNQPQH,ATDALMTGF,HLA-A*01:01,VDJdb,1,2,ATDALMTGF,3102,0.03407449
17492,17492,TSINN,IRSNERE,ATVGATDSWGKLQ,SGHNT,YYREEE,ASSPWDTGGETQY,ATDALMTGF,HLA-A*01:01,peptide_swapped,0,2,KLGGALQAK,3950,0.0033093274
17503,17503,TSINN,IRSNERE,ATNHPNAGKST,SGHKS,YYEKEE,ASSGPGGVDEQY,ATDALMTGF,HLA-A*01:01,peptide_swapped,0,2,RAKFKQLL,6320,0.0017479031
17546,17546,SSVSVY,YLSGSTLV,AARGSQGNLI,LNHDA,SQIVND,ASSQGAYGYT,ATDALMTGF,HLA-A*01:01,peptide_swapped,0,2,GILGFVFTL,5076,0.0048001218
17579,17579,TISGTDY,GLTSN,ILTETSYDKVI,SEHNR,FQNEAQ,ASASLGGGLYEQY,ATDALMTGF,HLA-A*01:01,peptide_swapped,0,2,RAKFKQLL,2792,0.0021445733
17685,17685,YGATPY,YFSGDTLV,AVAAGSGNTGKLI,SGHAT,FQNNGV,ASSNSLTDTQY,ATDALMTGF,HLA-A*01:01,peptide_swapped,0,2,KLGGALQAK,715,0.0020643156
18599,18599,DSAIYN,IQSSQRE,AVRERDNQGGKLI,SEHNR,FQNEAQ,ASSFMGQLDEQF,ATDALMTGF,HLA-A*01:01,VDJdb,1,2,ATDALMTGF,2562,0.99812335
19223,19223,VSGLRG,LYSAGEE,AVPNFGNEKLT,SGHKS,YYEKEE,ASSSKQGPGELF,ATDALMTGF,HLA-A*01:01,peptide_swapped,0,2,SPRWYFYYL,1975,0.001514473
19235,19235,TSINN,IRSNERE,ATDPDTGRRALT,SGHDT,YYEEEE,ASSLLIREAYT,ATDALMTGF,HLA-A*01:01,peptide_swapped,0,2,KLGGALQAK,1128,0.0033606673
20013,20013,YGATPY,YFSGDTLV,AVGAPHTSGTYKYI,MGHRA,YSYEKL,ASSPSTGTGGIYEQY,ATDALMTGF,HLA-A*01:01,peptide_swapped,0,2,RFPLTFGWCF,5185,0.00211526
20042,20042,KTLYG,LQKGGEE,GADSASGTYKYI,SQVTM,ANQGSEA,SVGSGEDNEQY,ATDALMTGF,HLA-A*01:01,peptide_swapped,0,2,RAKFKQLL,6180,0.5555152
20491,20491,TISGNEY,GLKNN,IVRVIVSGGGADGLT,SGHDT,YYEEEE,ASSPGTDLYEQY,ATDALMTGF,HLA-A*01:01,peptide_swapped,0,2,SLFNTVATLY,506,0.0011172991
20637,20637,DSVNN,IPSGT,AVDNYGQNFV,LGHNA,YNFKEQ,ASSQELSYEQY,ATDALMTGF,HLA-A*01:01,peptide_swapped,0,2,IVTDFSVIK,2599,0.001909638
20654,20654,DRGSQS,IYSNGD,AVNDNDMR,MNHEY,SVGAGI,ASSSALAYEQY,ATDALMTGF,HLA-A*01:01,peptide_swapped,0,2,LLWNGPMAV,2941,0.0042908345
20784,20784,DRGSQS,IYSNGD,AVNPSGYALN,SGHDY,FNNNVP,ASSLGGLGQPQH,ATDALMTGF,HLA-A*01:01,peptide_swapped,0,2,ELAGIGILTV,3563,0.010492848
21064,21064,DSSSTY,IFSNMDM,AESPLDSSYKLI,SEHNR,FQNEAQ,ASSLAGEFRDKAF,ATDALMTGF,HLA-A*01:01,peptide_swapped,0,2,KSKRTPMGF,611,0.009348736
21183,21183,DSVNN,IPSGT,CEPPPGEPKAI,MNHEY,SVGAGI,ASSYQPSIRVSGANVLT,ATDALMTGF,HLA-A*01:01,peptide_swapped,0,2,CINGVCWTV,4594,0.001983417
21861,21861,NSASQS,VYSSG,VSGANNLF,SGHAT,FQNNGV,ASSLGAGIIYEQY,ATDALMTGF,HLA-A*01:01,peptide_swapped,0,2,KLGGALQAK,5703,0.074991256
21964,21964,TISGTDY,GLTSN,ILMETSYDKVI,SGHNS,FNNNVP,ASSSSSTGELF,ATDALMTGF,HLA-A*01:01,peptide_swapped,0,2,RAKFKQLL,4768,0.00092937466
22119,22119,NSAFQY,TYSSGN,AMSAGSYQLT,LNHDA,SQIVND,ASSTQVIGNQPQH,ATDALMTGF,HLA-A*01:01,VDJdb,1,2,ATDALMTGF,5095,0.60327345
22491,22491,TSESDYY,QEAYKQQN,AYRSLYNNNDMR,SNHLY,FYNNEI,ASRDRGSNTGELF,ATDALMTGF,HLA-A*01:01,VDJdb,1,2,ATDALMTGF,4535,0.99513435
22693,22693,DRGSQS,IYSNGD,AVTKYSWGKLQ,MNHEY,SVGAGI,ASRPGWMAGGVELY,ATDALMTGF,HLA-A*01:01,peptide_swapped,0,2,ELAGIGILTV,4131,0.0030322107
23375,23375,SVFSS,VVTGGEV,AGGGSQGNLI,MNHEY,SVAAAL,ASSSSSRTSNNEQF,ATDALMTGF,HLA-A*01:01,peptide_swapped,0,2,GILGFVFTL,3678,0.0026391647
23826,23826,NSASQS,VYSSG,VVMTSSNTGKLI,SGHAT,FQNNGV,ASSLVAGPSVGEQF,ATDALMTGF,HLA-A*01:01,peptide_swapped,0,2,AVFDRKSDAK,6102,0.06805056
23866,23866,DSAIYN,IQSSQRE,AVKIIQGAQKLV,SGHDY,FNNNVP,ASSFQLGGETQY,ATDALMTGF,HLA-A*01:01,VDJdb,1,2,ATDALMTGF,2108,0.8749858
25342,25342,TTLSN,LVKSGEV,AGLGNEKLT,KGHDR,SFDVKD,ATSDWTGSSYNEQF,ATDALMTGF,HLA-A*01:01,VDJdb,1,2,ATDALMTGF,3294,0.00451487
25380,25380,TTSDR,LLSNGAV,AVFRASKST,LGHDT,YNNKEL,ASSQGQGLNEQY,ATDALMTGF,HLA-A*01:01,peptide_swapped,0,2,AVFDRKSDAK,1467,0.0042586764
25812,25812,TTLSN,LVKSGEV,AGDQNAGNMLT,LNHDA,SQIVND,ASSPSHDSFGEQY,ATDALMTGF,HLA-A*01:01,peptide_swapped,0,2,KLGGALQAK,5179,0.0016148684
26012,26012,SSVPPY,YTSAATLV,AVSGPGYALN,SGHRS,YFSETQ,ASSMAGGSYNEQF,ATDALMTGF,HLA-A*01:01,peptide_swapped,0,2,RAKFKQLL,2009,0.09100567
26225,26225,YGATPY,YFSGDTLV,AVGPMEYGNKLV,SGHNS,FNNNVP,ASSFSGNTGELF,ATDALMTGF,HLA-A*01:01,peptide_swapped,0,2,RAKFKQLL,4852,0.0011596816
26666,26666,TSENNYY,QEAYKQQN,AFFEYDNNARLM,LGHDT,YNNKEL,ASSYEDHEQY,ATDALMTGF,HLA-A*01:01,peptide_swapped,0,2,RLPGVLPRA,888,0.03650934
26910,26910,TTLSN,LVKSGEV,AGLHLYSGGGADGLT,MNHNS,SASEGT,ASSEYTGTSGPYEQY,ATDALMTGF,HLA-A*01:01,VDJdb,1,2,ATDALMTGF,4284,0.0021340712
26925,26925,NSASQS,VYSSG,VVGDSNFGNEKLT,LGHDT,YNNKEL,ASSQTLLAGSYNEQF,ATDALMTGF,HLA-A*01:01,peptide_swapped,0,2,KLGGALQAK,2716,0.028537437
26949,26949,DSAIYN,IQSSQRE,AVITTDSWGKLQ,PRHDT,FYEKMQ,ASSSGLAGASNEQF,ATDALMTGF,HLA-A*01:01,peptide_swapped,0,2,RLPGVLPRA,5257,0.08823772
27340,27340,TISGTDY,GLTSN,ILNSNSGYALN,LGHNA,YSLEER,ASSPVSVLSNTGELF,ATDALMTGF,HLA-A*01:01,peptide_swapped,0,2,RLRAEAQVK,1689,0.001405883
27676,27676,TSESDYY,QEAYKQQN,AYRSNYGGSQGNLI,MGHRA,YSYEKL,ASSQESGNPNNEQF,ATDALMTGF,HLA-A*01:01,VDJdb,1,2,ATDALMTGF,5163,0.91021496
27720,27720,DRGSQS,IYSNGD,AVFTFNAGGTSYGKLT,LNHDA,SQIVND,ASSPGALNTEAF,ATDALMTGF,HLA-A*01:01,peptide_swapped,0,2,ELAGIGILTV,5502,0.0023307758
27942,27942,DRGSQS,IYSNGD,AAGGGFGNVLH,MDHEN,SYDVKM,ASSPAGTDQETQY,ATDALMTGF,HLA-A*01:01,peptide_swapped,0,2,ELAGIGILTV,5486,0.0026024543
28326,28326,NSASQS,VYSSG,VVNVDYKLS,MNHEY,SVGAGI,ASSSITGGLRSYEQY,ATDALMTGF,HLA-A*01:01,peptide_swapped,0,2,KLGGALQAK,6106,0.06257968
29803,29803,SSVPPY,YTSAATLV,AVSDHSNNARLM,MGHRA,YSYEKL,ASSLGGTNEQF,ATDALMTGF,HLA-A*01:01,peptide_swapped,0,2,RAKFKQLL,1446,0.01957118
29823,29823,NSASQS,VYSSG,VVNLLYSSASKII,SGHDY,FNNNVP,ASSLGGPGVYNEQF,ATDALMTGF,HLA-A*01:01,VDJdb,1,2,ATDALMTGF,4329,0.026877414
29847,29847,SSVPPY,YTSAATLV,AVSEGSNYQLI,LGHDT,YNNKEL,ASSQDSGILQPQH,ATDALMTGF,HLA-A*01:01,VDJdb,1,2,ATDALMTGF,2036,0.96184003
29975,29975,DRGSQS,IYSNGD,AVNMGGGSQGNLI,LNHDA,SQIVND,ASSSRASYEQY,ATDALMTGF,HLA-A*01:01,peptide_swapped,0,2,GILGFVFTL,3393,0.0022877515
30072,30072,ATGYPS,ATKADDK,ALSETSYDKVI,SGHNS,FNNNVP,ASSELQGAQDISPLH,ATDALMTGF,HLA-A*01:01,peptide_swapped,0,2,RAKFKQLL,6340,0.0015390709
30725,30725,DRGSQS,IYSNGD,AVNRGFGNVLH,LNHDA,SQIVND,ASSSGGGGQF,ATDALMTGF,HLA-A*01:01,peptide_swapped,0,2,ELAGIGILTV,959,0.0014889124
30942,30942,TSGFNG,NVLDGL,AVKDSNYQLI,MNHEY,SVGEGT,ASSYSTDSGYGYT,ATDALMTGF,HLA-A*01:01,peptide_swapped,0,2,AVFDRKSDAK,1979,0.00078749243
31324,31324,SVFSS,VVTGGEV,AGGGSQGNLI,DFQATT,SNEGSKA,SARDRLAGEYSEQY,ATDALMTGF,HLA-A*01:01,peptide_swapped,0,2,GILGFVFTL,4231,0.0018335234
31508,31508,NSASDY,IRSNMDK,ADSGGGADGLT,SEHNR,FQNEAQ,ASREIQGSGANVLT,ATDALMTGF,HLA-A*01:01,peptide_swapped,0,2,RAKFKQLL,2472,0.14883654
31589,31589,VGISA,LSSGK,AALNTDKLI,MNHEY,SMNVEV,ASSLWGGTEAF,ATDALMTGF,HLA-A*01:01,peptide_swapped,0,2,GILGFVFTL,3538,0.001074922
31604,31604,VSPFSN,MTFSENT,VGGGTDKLI,LGHNA,YSLEER,ASSQEGRGIYGYT,ATDALMTGF,HLA-A*01:01,peptide_swapped,0,2,KLGGALQAK,1107,0.0008142268
31684,31684,NSASDY,IRSNMDK,ADPNTGNQFY,SGHVS,FNYEAQ,ASSRRWGSSYEQY,ATDALMTGF,HLA-A*01:01,peptide_swapped,0,2,SPRWYFYYL,6338,0.0021939387
31716,31716,DSASNY,IRSNVGE,AASETSYDKVI,SGHNS,FNNNVP,ASSSDPRYGYT,ATDALMTGF,HLA-A*01:01,peptide_swapped,0,2,RAKFKQLL,2082,0.00082170777
31932,31932,SIFNT,LYKAGEL,AGHTGNQFY,SGHRS,YFSETQ,ASSPGGLAGADTQY,ATDALMTGF,HLA-A*01:01,peptide_swapped,0,2,IVTDFSVIK,530,0.0014098989
32007,32007,SIFNT,LYKAGEL,AGHHYGGSQGNLI,SGHVS,FQNEAQ,ASTPGGAGDEQY,ATDALMTGF,HLA-A*01:01,peptide_swapped,0,2,DATYQRTRALVR,5277,0.010878898
32023,32023,DSSSTY,IFSNMDM,AEMEGGSYIPT,SEHNR,FQNEAQ,ASSDRGGIGGSAF,ATDALMTGF,HLA-A*01:01,peptide_swapped,0,2,RAKFKQLL,3860,0.0016107977
32119,32119,VSPFSN,MTFSENT,VVSSVRGSYIPT,SGDLS,YYNGEE,ASSVDGGGGGYNEQF,ATDALMTGF,HLA-A*01:01,peptide_swapped,0,2,LLWNGPMAV,2602,0.0015426246
32506,32506,DRGSQS,IYSNGD,AVNEGYSTLT,MNHNS,SASEGT,ASSEGAYLKNTEAF,ATDALMTGF,HLA-A*01:01,peptide_swapped,0,2,AVFDRKSDAK,1157,0.0017553999
32722,32722,VSGNPY,YITGDNLV,AVRVPDTGRRALT,LGHNA,YSLEER,ASSQDIATYEQY,ATDALMTGF,HLA-A*01:01,peptide_swapped,0,2,IVTDFSVIK,1193,0.0009043483
32781,32781,TSGFNG,NVLDGL,AEMDSNYQLI,MNHNS,SASEGT,AAQNGNPNEKLF,ATDALMTGF,HLA-A*01:01,peptide_swapped,0,2,AVFDRKSDAK,6154,0.0008136825
33032,33032,TSESDYY,QEAYKQQN,AYRSLYGGATNKLI,MGHRA,YSYEKL,ASSQEYNSNQPQH,ATDALMTGF,HLA-A*01:01,VDJdb,1,2,ATDALMTGF,2659,0.9783095
33465,33465,SVFSS,VVTGGEV,ASHTLT,SEHNR,FQNEAQ,ASSLLGEKLF,ATDALMTGF,HLA-A*01:01,peptide_swapped,0,2,RPPIFIRRL,5637,0.005493779
33488,33488,SSNFYA,MTLNGDE,AFTSNTGKLI,SGHRS,YFSETQ,ASRGDTFYEQY,ATDALMTGF,HLA-A*01:01,VDJdb,1,2,ATDALMTGF,4799,0.0012622697
33641,33641,DRGSQS,IYSNGD,AHRGSQGNLI,SGHNT,YENEEA,ASSPLTGESMSEKLF,ATDALMTGF,HLA-A*01:01,VDJdb,1,2,ATDALMTGF,2376,0.00346521
33656,33656,VSGNPY,YITGDNLV,AVRPPPSSGGYQKVT,MNHEY,SVGAGI,ASRGSGTSSVYEQY,ATDALMTGF,HLA-A*01:01,peptide_swapped,0,2,KLGGALQAK,79,0.001456588
33700,33700,DSSSTY,IFSNMDM,AEGHDSTLT,DFQATT,SNEGSKA,SARVGVGNTIY,ATDALMTGF,HLA-A*01:01,peptide_swapped,0,2,GLCTLVAML,240,0.00090175
34059,34059,NSASQS,VYSSG,VVLSGGQNFV,SEHNR,FQNEAQ,ASSQTSGTGNYEQY,ATDALMTGF,HLA-A*01:01,peptide_swapped,0,2,LLWNGPMAV,4916,0.7725992
35767,35767,NIATNDY,GYKTK,LVGDISYSGSARQLT,LGHNA,YNFKEQ,ASSQEVQQATYEQY,ATDALMTGF,HLA-A*01:01,peptide_swapped,0,2,CINGVCWTV,1287,0.0033358799
36680,36680,DSAIYN,IQSSQRE,AVRMDSSYKLI,SQVTM,ANQGSEA,SVGAGEGEQF,ATDALMTGF,HLA-A*01:01,peptide_swapped,0,2,RAKFKQLL,3255,0.6718016
36684,36684,TSENNYY,QEAYKQQN,ATMEYGNKLV,SGHVS,FQNEAQ,ASSSSVNTGELF,ATDALMTGF,HLA-A*01:01,peptide_swapped,0,2,KLGGALQAK,2327,0.108865604
37036,37036,VSPFSN,MTFSENT,VVSPSGNTPLV,SGHVS,FQNEAQ,ARTIADQPQH,ATDALMTGF,HLA-A*01:01,VDJdb,1,2,ATDALMTGF,1892,0.0031479253
37531,37531,SVFSS,VVTGGEV,AGGGSQGNLI,DFQATT,SNEGSKA,SAPRGSGTIDTQY,ATDALMTGF,HLA-A*01:01,peptide_swapped,0,2,GILGFVFTL,2795,0.00150724
259,259,DRGSQS,IYSNGD,AVRGARLM,SGHAT,FQNNGV,ASRPPGGQGSL,ATDALMTGF,HLA-A*01:01,peptide_swapped,0,3,IVTDFSVIK,39,0.002915054
768,768,TSDPSYG,QGSYDQQN,AMREGGDMR,SGHTA,FQGNSA,ASSLAFESGQTTAKNIQY,ATDALMTGF,HLA-A*01:01,VDJdb,1,3,ATDALMTGF,3555,0.35963118
1418,1418,DSSSTY,IFSNMDM,AESEGPTYTDKLI,DFQATT,SNEGSKA,SAGSGTRGETQY,ATDALMTGF,HLA-A*01:01,peptide_swapped,0,3,RAKFKQLL,4402,0.00083168165
1691,1691,TSGFYG,NALDGL,AVSRMDSSYKLI,SEHNR,FQNEAQ,ASSPLGGPKDTIY,ATDALMTGF,HLA-A*01:01,peptide_swapped,0,3,RAKFKQLL,2030,0.0013716598
1827,1827,NSASQS,VYSSG,VARGVNSGGGADGLT,LGHDT,YNNKEL,ASSQGGSFPAF,ATDALMTGF,HLA-A*01:01,peptide_swapped,0,3,RAKFKQLL,4616,0.0032370854
2879,2879,TTSDR,LLSNGAV,AVDFRDNYGQNFV,LNHDA,SQIVND,ASSIFYSSTDTQY,ATDALMTGF,HLA-A*01:01,peptide_swapped,0,3,GILGFVFTL,5872,0.0014954086
2884,2884,DRGSQS,IYSNGD,AVSGGKST,SQVTM,ANQGSEA,SVQRRADEQF,ATDALMTGF,HLA-A*01:01,peptide_swapped,0,3,LLWNGPMAV,5456,0.16945438
3153,3153,SVFSS,VVTGGEV,AGADGSGNTGKLI,LNHDA,SQIVND,ASSIRSAYEQY,ATDALMTGF,HLA-A*01:01,peptide_swapped,0,3,GILGFVFTL,3336,0.0010452337
3368,3368,DSSSTY,IFSNMDM,ADSWGKLQ,MGHRA,YSYEKL,ASSEDRREREKLF,ATDALMTGF,HLA-A*01:01,peptide_swapped,0,3,AVFDRKSDAK,1062,0.0015313874
4546,4546,DSAIYN,IQSSQRE,AVRRSDYKLS,PRHDT,FYEKMQ,ASSFGPGSNTEAF,ATDALMTGF,HLA-A*01:01,peptide_swapped,0,3,AVFDRKSDAK,1775,0.016727302
4606,4606,TSINN,IRSNERE,ATDAMPPGGNTGKLI,LNHDA,SQIVND,ASSFYSNQPQH,ATDALMTGF,HLA-A*01:01,peptide_swapped,0,3,GILGFVFTL,5405,0.005342556
5023,5023,SSVSVY,YLSGSTLV,AVSDGDYKLS,ENHRY,SYGVKD,AISESSAGFNEQF,ATDALMTGF,HLA-A*01:01,VDJdb,1,3,ATDALMTGF,680,0.6226013
5203,5203,SVFSS,VVTGGEV,AGAPAGGTSYGKLT,LGHNA,YSLEER,ASSQFFSGEGLYGYT,ATDALMTGF,HLA-A*01:01,VDJdb,1,3,ATDALMTGF,6014,0.0008135797
5389,5389,TSENNYY,QEAYKQQN,AFMSSPGGTSYGKLT,LNHDA,SHIVND,ASSIGVYGYT,ATDALMTGF,HLA-A*01:01,peptide_swapped,0,3,GILGFVFTL,4307,0.0010806513
5648,5648,ATGYPS,ATKADDK,ALRGGQKLL,SGHAT,FQNNGV,ASSQGVGGTGNSPLH,ATDALMTGF,HLA-A*01:01,peptide_swapped,0,3,KLGGALQAK,2465,0.0023673507
6012,6012,TSESDYY,QEAYKQQN,AYETGNQFY,SGHAT,FQNNGV,ASSFPVTAITGNTEAF,ATDALMTGF,HLA-A*01:01,peptide_swapped,0,3,GPRLGVRAT,2564,0.1468944
6222,6222,TRDTTYY,RNSFDEQN,ALSETASGGSYIPT,MNHEY,SMNVEV,ASRRPTNEQF,ATDALMTGF,HLA-A*01:01,peptide_swapped,0,3,KLGGALQAK,3761,0.0013748576
6257,6257,TSINN,IRSNERE,ATDVVHNAGNMLT,SGHRS,YFSETQ,ASSLVQNSYEQY,ATDALMTGF,HLA-A*01:01,peptide_swapped,0,3,KSKRTPMGF,1352,0.0050621866
6376,6376,DRGSQS,IYSNGD,AVTGSYQLT,KGHDR,SFDVKD,ATSEGGTGELF,ATDALMTGF,HLA-A*01:01,peptide_swapped,0,3,RAKFKQLL,5571,0.052558765
6548,6548,DRGSQS,IYSNGD,AVNRGSYIPT,MNHEY,SVGEGT,ASSPGLALSPSTDTQY,ATDALMTGF,HLA-A*01:01,peptide_swapped,0,3,ELAGIGILTV,3767,0.006037952
6565,6565,SVFSS,VVTGGEV,AGGGSQGNLI,MNHEY,SVGEGT,ASGMTGLTSEQY,ATDALMTGF,HLA-A*01:01,peptide_swapped,0,3,GILGFVFTL,5166,0.0021563228
7864,7864,DSSSTY,IFSNMDM,AEDNNARLM,DFQATT,SNEGSKA,SARLRELSGNTIY,ATDALMTGF,HLA-A*01:01,peptide_swapped,0,3,GLCTLVAML,87,0.0011027239
8371,8371,DSAIYN,IQSSQRE,AVDLMKTSYDKVI,DFQATT,SNEGSKA,SAPARSEPYEQY,ATDALMTGF,HLA-A*01:01,peptide_swapped,0,3,KLGGALQAK,657,0.1672481
8498,8498,TSENNYY,QEAYKQQN,AFMSLYGGSQGNLI,MNHEY,SMNVEV,ASSYPYRGLLAGSGNTIY,ATDALMTGF,HLA-A*01:01,VDJdb,1,3,ATDALMTGF,242,0.06653051
8686,8686,DSAIYN,IQSSQRE,AVNLPGTYKYI,MDHEN,SYDVKM,ASSLGTGFGYT,ATDALMTGF,HLA-A*01:01,peptide_swapped,0,3,AVFDRKSDAK,5975,0.033390332
8742,8742,NSAFQY,TYSSGN,AMSALRGGYNKLI,KGHDR,SFDVKD,ATSDLTQDEQY,ATDALMTGF,HLA-A*01:01,peptide_swapped,0,3,SPRWYFYYL,4092,0.8621203
8820,8820,TRDTTYY,RNSFDEQN,ALLRSAGNNRKLI,SGHTA,FQGNSA,ASSDHRGIWPGELF,ATDALMTGF,HLA-A*01:01,peptide_swapped,0,3,IVTDFSVIK,1258,0.0014445479
9338,9338,DRGSQS,IYSNGD,AVKGNTGFQKLV,KGHSY,FQNENV,ASSPTTESYEQY,ATDALMTGF,HLA-A*01:01,VDJdb,1,3,ATDALMTGF,699,0.07339287
9340,9340,NSAFQY,TYSSGN,AMSERNKARLM,LNHDA,SQIVND,ASGAGGPLNEQF,ATDALMTGF,HLA-A*01:01,peptide_swapped,0,3,GILGFVFTL,4372,0.014059246
9390,9390,YGGTVN,YFSGDPLV,AVNARAAGNKLT,LGHNT,FRNRAP,ASGSAVRGGLETQY,ATDALMTGF,HLA-A*01:01,peptide_swapped,0,3,AVFDRKSDAK,1425,0.0010434067
10165,10165,DSSSTY,IFSNMDM,AESIPAGANSKLT,LNHDA,SQIVND,ASSRYHTDTQY,ATDALMTGF,HLA-A*01:01,peptide_swapped,0,3,GILGFVFTL,3389,0.0011122496
10730,10730,DSASNY,IRSNVGE,AGTNAGGTSYGKLT,SGHAT,FQNNGV,ASSLVGIEREGETQY,ATDALMTGF,HLA-A*01:01,peptide_swapped,0,3,IVTDFSVIK,3577,0.0009953512
11079,11079,DRGSQS,IYSNGD,AVSQR,SGHTA,FQGTGA,ASSLGTSGGTGELF,ATDALMTGF,HLA-A*01:01,peptide_swapped,0,3,RAKFKQLL,5495,0.0020295784
11292,11292,NSASQS,VYSSG,VVKNLYGGSQGNLI,MGHRA,YSYEKL,ASSQDVYPYEQY,ATDALMTGF,HLA-A*01:01,VDJdb,1,3,ATDALMTGF,442,0.13659546
11446,11446,TSINN,IRSNERE,ATDALYGQNFV,SGHTA,FQGTGA,ASSPLKTGAEGEQF,ATDALMTGF,HLA-A*01:01,peptide_swapped,0,3,KSKRTPMGF,4440,0.0019030849
11518,11518,DSASNY,IRSNVGE,AASETSYDKVI,SGHNS,FNNNVP,ASSYSGTGDYGYT,ATDALMTGF,HLA-A*01:01,peptide_swapped,0,3,NLVPMVATV,2749,0.00080822746
11573,11573,DRGSQS,IYSNGD,AVFSGVNEKLT,DFQATT,SNEGSKA,SALEGRAGMWNTEAF,ATDALMTGF,HLA-A*01:01,peptide_swapped,0,3,KLGGALQAK,1574,0.0035122135
12030,12030,TSDPSYG,QGSYDQQN,AMREGHTNAGKST,LGHNA,YSLEER,ASSQVAGGAGGPREYNEQF,ATDALMTGF,HLA-A*01:01,peptide_swapped,0,3,NLVPMVATV,3735,0.058155246
12345,12345,DRGSQS,IYSNGD,AVNPDGKLI,DFQATT,SNEGSKA,SVPSRGYAGELF,ATDALMTGF,HLA-A*01:01,peptide_swapped,0,3,LLWNGPMAV,5031,0.0017170627
12704,12704,DRGSQS,IYSNGD,AVTPGFNDMR,WSHSY,SAAADI,ASSEKPRGNNEQF,ATDALMTGF,HLA-A*01:01,peptide_swapped,0,3,KLGGALQAK,1959,0.0038951775
13438,13438,NSASDY,IRSNMDK,AENSKGHDNDMR,MNHEY,SMNVEV,ASSLSGRPYEQY,ATDALMTGF,HLA-A*01:01,peptide_swapped,0,3,RAKFKQLL,4693,0.004931406
13492,13492,NSMFDY,ISSIKDK,AASATPYGGSQGNLI,LNHDA,SQIVND,ASSIRSAYEQY,ATDALMTGF,HLA-A*01:01,peptide_swapped,0,3,GILGFVFTL,2922,0.0032693776
13752,13752,DSSSTY,IFSNMDM,AELKEKLI,SGHDN,FVKESK,ASSQSPGGTQY,ATDALMTGF,HLA-A*01:01,peptide_swapped,0,3,GLCTLVAML,3370,0.0009124426
13770,13770,NYSPAY,IRENEKE,ALDPLYSSASKII,SGHDY,FNNNVP,ASSLAGPGLGLEQY,ATDALMTGF,HLA-A*01:01,VDJdb,1,3,ATDALMTGF,2055,0.23952228
13820,13820,DRGSQS,IYSNGD,AAVV,MNHEY,SMNVEV,ASSALAGGPPEGKNIQY,ATDALMTGF,HLA-A*01:01,peptide_swapped,0,3,SPRWYFYYL,1013,0.0026773107
14057,14057,TISGTDY,GLTSN,ILSESNNNDMR,SGHNT,YYREEE,ASSSTGGGEKDQPQH,ATDALMTGF,HLA-A*01:01,peptide_swapped,0,3,RAKFKQLL,2060,0.00097541476
14111,14111,YGATPY,YFSGDTLV,AVVLWVNNQGGKLI,MDHEN,SYDVKM,ASSLEGGSNQPQH,ATDALMTGF,HLA-A*01:01,peptide_swapped,0,3,SLFNTVATLY,2331,0.0059009036
14417,14417,VSGLRG,LYSAGEE,AVPSYSSASKII,LNHNV,YYDKDF,ATSGTGTSGRNEQF,ATDALMTGF,HLA-A*01:01,peptide_swapped,0,3,SPRWYFYYL,5326,0.0017717031
14814,14814,NSASQS,VYSSG,VVNMDNARLM,MNHNS,SASEGT,ASSITEGEDSVSTDTQY,ATDALMTGF,HLA-A*01:01,peptide_swapped,0,3,RAKFKQLL,4035,0.015500761
14884,14884,DRGSQS,IYSNGD,AVKEYGNKLV,MGHRA,YSYEKL,ASSPSELADTQY,ATDALMTGF,HLA-A*01:01,peptide_swapped,0,3,ELAGIGILTV,1125,0.0038505406
15332,15332,DRGSQS,IYSNGD,AVTRISSGSARQLT,DFQATT,SNEGSKA,SASEAGGSYEQY,ATDALMTGF,HLA-A*01:01,peptide_swapped,0,3,LLWNGPMAV,3711,0.002672889
15591,15591,VSPFSN,MTFSENT,VVSWDQAGTALI,MNHEY,SVGAGI,ASTGAANTGELF,ATDALMTGF,HLA-A*01:01,peptide_swapped,0,3,KLGGALQAK,119,0.02235719
15737,15737,SSVPPY,YTSAATLV,AVTPGDYKLS,WSHSY,SAAADI,ASSESSSGANVLT,ATDALMTGF,HLA-A*01:01,VDJdb,1,3,ATDALMTGF,4000,0.6674441
15750,15750,TSDPSYG,QGSYDQQN,AMREGLGFQKLV,SGHDN,FVKESK,ASSQGLLGSETQY,ATDALMTGF,HLA-A*01:01,VDJdb,1,3,ATDALMTGF,6310,0.13071755
16053,16053,YGGTVN,YFSGDPLV,AVNRAGGGADGLT,SNHLY,FYNNEI,ASSEASGGFYNEQF,ATDALMTGF,HLA-A*01:01,peptide_swapped,0,3,IVTDFSVIK,532,0.00918473
16114,16114,TSESDYY,QEAYKQQN,AYRSLYSGGGADGLT,KGHDR,SFDVKD,ATSGLESSYNEQF,ATDALMTGF,HLA-A*01:01,VDJdb,1,3,ATDALMTGF,3218,0.9768596
16293,16293,TSGFYG,NALDGL,ALNQGGKLI,MNHEY,SMNVEV,ASSLRDSSYEQY,ATDALMTGF,HLA-A*01:01,peptide_swapped,0,3,LLWNGPMAV,5225,0.0011327944
16738,16738,NSASQS,VYSSG,VAKMNRDDKII,KGHSH,LQKENI,ASSGGDGVTYEQY,ATDALMTGF,HLA-A*01:01,peptide_swapped,0,3,HPVTKYIM,5894,0.014796098
16931,16931,KTLYG,LQKGGEE,GADNQGGSEKLV,SGHDT,YYEEEE,ASSVTGISGNTIY,ATDALMTGF,HLA-A*01:01,peptide_swapped,0,3,IVTDFSVIK,1008,0.001809418
16934,16934,SSVPPY,YTSAATLV,AVRRGYSTLT,SGHDY,FNNNVP,ASSYRGTEAF,ATDALMTGF,HLA-A*01:01,peptide_swapped,0,3,AVFDRKSDAK,4731,0.41272205
17014,17014,DSVNN,IPSGT,AVERLGGSNYKLT,SGDLS,YYNGEE,ASSPGPMNTEAF,ATDALMTGF,HLA-A*01:01,peptide_swapped,0,3,IVTDFSVIK,5905,0.0031094416
17095,17095,DSASNY,IRSNVGE,AASEGRDDKII,LNHNV,YYDKDF,ATSEEGAEAF,ATDALMTGF,HLA-A*01:01,peptide_swapped,0,3,KLGGALQAK,1141,0.0013104604
17689,17689,KALYS,LLKGGEQ,GTEEQETSGSRLT,LGHDT,YNNKEL,ASSQWGTGQPQH,ATDALMTGF,HLA-A*01:01,peptide_swapped,0,3,AVFDRKSDAK,727,0.004901494
18475,18475,SIFNT,LYKAGEL,AGLWKKSSGDKLT,MNHEY,SVGEGT,ASSYHILGTIHDAGELF,ATDALMTGF,HLA-A*01:01,VDJdb,1,3,ATDALMTGF,1953,0.27609494
18617,18617,SSYSPS,YTSAATLV,VSDKII,MNHEY,SMNVEV,ASSLGAGTNEQF,ATDALMTGF,HLA-A*01:01,peptide_swapped,0,3,KLGGALQAK,5825,0.0053695776
18629,18629,TSESDYY,QEAYKQQN,AYRTTLSGGGADGLT,SGHAT,FQNNGV,ASSLDKPPPDTGELF,ATDALMTGF,HLA-A*01:01,peptide_swapped,0,3,CINGVCWTV,6097,0.6681978
18722,18722,DSSSTY,IFSNMDM,ADDNNARLM,DFQATT,SNEGSKA,SARTAPVGNEQF,ATDALMTGF,HLA-A*01:01,peptide_swapped,0,3,GLCTLVAML,3516,0.0010571084
19328,19328,TISGTDY,GLTSN,ILREFYNDMR,LNHDA,SQIVND,ASSIRSSYEQY,ATDALMTGF,HLA-A*01:01,peptide_swapped,0,3,GILGFVFTL,1089,0.001012706
19408,19408,TSGFYG,NALDGL,AVRDTTKAAGNKLT,MGHRA,YSYEKL,ASSLSDRASEQY,ATDALMTGF,HLA-A*01:01,peptide_swapped,0,3,KLGGALQAK,5098,0.0010609395
19428,19428,TTSDR,LLSNGAV,AVDSWAGGSEKLV,MGHDK,SYGVNS,ASSERGDTDLYGYT,ATDALMTGF,HLA-A*01:01,peptide_swapped,0,3,CTELKLSDY,5852,0.0010222995
19660,19660,NSASDY,IRSNMDK,AENMFQGGSEKLV,SNHLY,FYNNEI,ASSGSDTQY,ATDALMTGF,HLA-A*01:01,peptide_swapped,0,3,GILGFVFTL,18,0.5940847
19719,19719,DRGSQS,IYSNGD,AVTDDKII,MNHNS,SASEGT,ASSETGTQAYEQY,ATDALMTGF,HLA-A*01:01,peptide_swapped,0,3,LLWNGPMAV,5337,0.0017417471
19747,19747,DSSSTY,IFSNMDM,AETTGALYSGAGSYQLT,MNHNS,SASEGT,ASSDTETGGLETQY,ATDALMTGF,HLA-A*01:01,peptide_swapped,0,3,ELAGIGILTV,2768,0.001290366
19750,19750,TRDTTYY,RNSFDEQN,ALLYARLM,LNHDA,SHIVND,ASSIRSSYEQY,ATDALMTGF,HLA-A*01:01,peptide_swapped,0,3,GILGFVFTL,2790,0.0012274394
19752,19752,DRGSQS,IYSNGD,AVGNSGYSTLT,MNHEY,SVGAGI,ASSYGQGAGYT,ATDALMTGF,HLA-A*01:01,peptide_swapped,0,3,ELAGIGILTV,1411,0.0011580007
20613,20613,DSASNY,IRSNVGE,AAKEGYSTLT,SGDLS,YYNGEE,ASSLSSGTYEQY,ATDALMTGF,HLA-A*01:01,peptide_swapped,0,3,IVTDFSVIK,4633,0.0019324392
20936,20936,DRGSQS,IYSNGD,AVNPSNTGKLI,LNHDA,SHIVND,ASSSRSSYEQY,ATDALMTGF,HLA-A*01:01,peptide_swapped,0,3,GILGFVFTL,5259,0.0019460906
20955,20955,DRGSQS,IYSNGD,AVRNNNAGNMLT,LNHNV,YYDKDF,ATSSNRDRGDNEQF,ATDALMTGF,HLA-A*01:01,peptide_swapped,0,3,KLGGALQAK,4982,0.008082512
21096,21096,TSESDYY,QEAYKQQN,AYRSLYVSGAGSYQLT,LGHNA,YNFKEQ,ASSENSNSNQPQH,ATDALMTGF,HLA-A*01:01,VDJdb,1,3,ATDALMTGF,1154,0.98118067
21168,21168,YGGTVN,YFSGDPLV,AVNALKTTDSWGKFQ,LNHDA,SQIVND,ASTFGQAPPAF,ATDALMTGF,HLA-A*01:01,peptide_swapped,0,3,GILGFVFTL,3423,0.0013067242
22389,22389,SSYSPS,YTSAATLV,VVSDLSGNTGKLI,LGHNA,YSLEER,ASSADRGDTDTQY,ATDALMTGF,HLA-A*01:01,peptide_swapped,0,3,KSKRTPMGF,5906,0.0044521554
22400,22400,SIFNT,LYKAGEL,AGAGDGGSQGNLI,MNHEY,SVGEGT,ASSYSSGGADTQY,ATDALMTGF,HLA-A*01:01,peptide_swapped,0,3,GILGFVFTL,2340,0.008657886
22988,22988,DRGSQS,IYSNGD,AVSGGGGGADGLT,WSHSY,SAAADI,ASSGSGISYEQY,ATDALMTGF,HLA-A*01:01,peptide_swapped,0,3,KLGGALQAK,5979,0.0013788207
23209,23209,TISGTDY,GLTSN,ILTRNYGGSQGNLI,SGHDT,YYEEEE,ASSSLIPYRDSLNPGLEVAYEQY,ATDALMTGF,HLA-A*01:01,peptide_swapped,0,3,AVFDRKSDAK,1218,0.0014524923
23745,23745,NSASQS,VYSSG,VALMNRDDKII,GTSNPN,SVGIG,AWSNIPRGEKLF,ATDALMTGF,HLA-A*01:01,peptide_swapped,0,3,HPVTKYIM,5907,0.009569831
23809,23809,SSVSVY,YLSGSTLV,AVSTSGGSNYKLT,MNHNY,SVGAGI,ASSYEGAGNQPQH,ATDALMTGF,HLA-A*01:01,VDJdb,1,3,ATDALMTGF,5665,0.053567603
24022,24022,DSSSTY,IFSNMDM,AEGGNGGSQGNLI,LNHDA,SQIVND,ASSGRSNTEAF,ATDALMTGF,HLA-A*01:01,peptide_swapped,0,3,GILGFVFTL,2753,0.001037519
24038,24038,DRGSQS,IYSNGD,AADNARLM,MNHEY,SMNVEV,ASSIASLLAGGTDTQY,ATDALMTGF,HLA-A*01:01,peptide_swapped,0,3,ELAGIGILTV,2912,0.0025678566
24054,24054,SVFSS,VVTGGEV,AGPGDGGSQGNLI,LNHDA,SQIVND,ASSFRSSETQY,ATDALMTGF,HLA-A*01:01,peptide_swapped,0,3,GILGFVFTL,5223,0.0010027568
24102,24102,NSASDY,IRSNMDK,AEIRGDYKLS,SGHVS,FQNEAQ,ASSLAGQHSPLH,ATDALMTGF,HLA-A*01:01,peptide_swapped,0,3,IVTDFSVIK,1942,0.042489428
24556,24556,VSGNPY,YITGDNLV,AVRDMGTGFQKLV,LGHDT,YNNKEL,ASSQGQTLNYNNSPLH,ATDALMTGF,HLA-A*01:01,peptide_swapped,0,3,KLGGALQAK,4270,0.001628489
24879,24879,NSAFQY,TYSSGN,AMSEAAGNKLT,SNHLY,FYNNEI,ASSGTRQISGTEAF,ATDALMTGF,HLA-A*01:01,VDJdb,1,3,ATDALMTGF,4936,0.64186925
25113,25113,NSASQS,VYSSG,VADSQNSGGYQKVT,LNHNV,YYDKDF,ATSFTGTAYEQY,ATDALMTGF,HLA-A*01:01,VDJdb,1,3,ATDALMTGF,2136,0.15805916
25286,25286,NSMFDY,ISSIKDK,AAPTGFGNEKLT,SGHRS,YFSETQ,ASSSGLAGVETGELF,ATDALMTGF,HLA-A*01:01,peptide_swapped,0,3,NLVPMVATV,5129,0.0009849067
25774,25774,VSGNPY,YITGDNLV,AVRDRYGYSTLT,SGHNS,FNNNVP,ASSFSGNTGELF,ATDALMTGF,HLA-A*01:01,peptide_swapped,0,3,RAKFKQLL,1450,0.0011709959
25853,25853,SVFSS,VVTGGEV,AGENTYNFNKFY,SGHDN,FVKESK,ASSQLPRGGYT,ATDALMTGF,HLA-A*01:01,peptide_swapped,0,3,FEDLRLLSF,489,0.0009507089
27181,27181,DRGSQS,IYSNGD,AVGDYKLS,SGHTA,FQGNSA,ASSPVLAGPSYNEQF,ATDALMTGF,HLA-A*01:01,peptide_swapped,0,3,ELAGIGILTV,3978,0.024702916
28096,28096,TSESDYY,QEAYKQQN,AYRSLYSGAGSYQLT,SNHLY,FYNNEI,ARTDRDISTDTQY,ATDALMTGF,HLA-A*01:01,VDJdb,1,3,ATDALMTGF,2860,0.99817306
28729,28729,YGATPY,YFSGDTLV,AVPEAGSYQLT,SGHNS,FNNNVP,ASSFSGNTGELF,ATDALMTGF,HLA-A*01:01,peptide_swapped,0,3,RAKFKQLL,2594,0.0026765396
28844,28844,DRGSQS,IYSNGD,AVKDSGGGADGLT,MNHEY,SMNVEV,ASSPQGLGQPQH,ATDALMTGF,HLA-A*01:01,peptide_swapped,0,3,ELAGIGILTV,4527,0.001981061
29082,29082,NSASQS,VYSSG,VVTGNQFY,MGHRA,YSYEKL,ASSQYHVEGSTEAF,ATDALMTGF,HLA-A*01:01,peptide_swapped,0,3,KLGGALQAK,832,0.0052848333
29244,29244,DSAIYN,IQSSQRE,AVISRGSQGNLI,SGHAT,FQNNGV,ASSSLGQLDTQY,ATDALMTGF,HLA-A*01:01,VDJdb,1,3,ATDALMTGF,355,0.92068726
29287,29287,NIATNDY,GYKTK,LVGDSAGKST,SGHRS,YFSETQ,ASSPHGQGYTEAF,ATDALMTGF,HLA-A*01:01,peptide_swapped,0,3,KLGGALQAK,4833,0.0008799257
29719,29719,NIATNDY,GYKTK,LVGSSEGFQKLV,SGHRS,YFSETQ,ASSINRDLLNGYT,ATDALMTGF,HLA-A*01:01,peptide_swapped,0,3,NLVPMVATV,867,0.0011357024
29742,29742,DSAIYN,IQSSQRE,AVPNFGNEKLT,KGHDR,SFDVKD,ATSGLESSYNEQF,ATDALMTGF,HLA-A*01:01,VDJdb,1,3,ATDALMTGF,6091,0.7172585
30331,30331,NIATNDY,GYKTK,LVDGYGNKLV,LGHNA,YNFKEQ,ASSQEMGDWGEQY,ATDALMTGF,HLA-A*01:01,peptide_swapped,0,3,CINGVCWTV,4102,0.0010811121
30986,30986,TSENNYY,QEAYKQQN,AFMKGAGGTSYGKLT,SGHDT,YYEEEE,ASSLQNTEAF,ATDALMTGF,HLA-A*01:01,peptide_swapped,0,3,GILGFVFTL,749,0.005289238
31135,31135,NIATNDY,GYKTK,LVGVPAGNMLT,SGHAT,FQDESV,ASSLEGTSGSPDLNEQF,ATDALMTGF,HLA-A*01:01,peptide_swapped,0,3,CINGVCWTV,2125,0.009306655
31717,31717,DRGSQS,IYSNGD,AVTLYNNNDMR,LNHDA,SQIVND,ASRDRGLNEQF,ATDALMTGF,HLA-A*01:01,peptide_swapped,0,3,KLGGALQAK,2617,0.0022278838
31745,31745,SSVSVY,YLSGSTLV,AVTEGGFKTI,LNHDA,SQIVND,ASSMGSIGNQPQH,ATDALMTGF,HLA-A*01:01,VDJdb,1,3,ATDALMTGF,3365,0.29448456
31806,31806,VSGNPY,YITGDNLV,AVRDKNTDKLI,MNHEY,SVGAGI,ASSYPTGEGQETQY,ATDALMTGF,HLA-A*01:01,peptide_swapped,0,3,YLQPRTFLL,2872,0.00081733253
31971,31971,NSAFQY,TYSSGN,ARNTGNQFY,MNHEY,SVGAGI,ASSYQTGAGGYGYTG,ATDALMTGF,HLA-A*01:01,peptide_swapped,0,3,NLVPMVATV,5769,0.001760568
32008,32008,YGATPY,YFSGDTLV,AVTRDDKII,LNHDA,SQIVND,ASSIRSSETQY,ATDALMTGF,HLA-A*01:01,peptide_swapped,0,3,GILGFVFTL,2750,0.0009750929
32432,32432,KALYS,LLKGGEQ,GTEDMKSSGNTGKLI,SGHTA,FQGNSA,ASSLSAGGYNEQF,ATDALMTGF,HLA-A*01:01,peptide_swapped,0,3,IVTDFSVIK,811,0.0038322792
32540,32540,NSASQS,VYSSG,VVSGFKTI,MNHEY,SVGEGT,ASSDTDRGIYGYT,ATDALMTGF,HLA-A*01:01,peptide_swapped,0,3,LLWNGPMAV,5483,0.002828966
32778,32778,ATGYPS,ATKADDK,ALNGNNRLA,PRHDT,FYEKMQ,ASSLTGTPHQRLAKNIQY,ATDALMTGF,HLA-A*01:01,peptide_swapped,0,3,KLGGALQAK,3855,0.0013920914
32939,32939,YGATPY,YFSGDTLV,AVVPNTGNQFY,LNHNV,YYDKDF,ATSGGTSYEQF,ATDALMTGF,HLA-A*01:01,peptide_swapped,0,3,LLWNGPMAV,158,0.0011905546
33320,33320,NIATNDY,GYKTK,LVVPNRDDKII,LGHDT,YNNKEL,ASSQEVQGLGEQF,ATDALMTGF,HLA-A*01:01,peptide_swapped,0,3,CINGVCWTV,892,0.00178988
33795,33795,NSASDY,IRSNMDK,AENMGGGGADGLT,SGDLS,YYNGEE,ASSGGGGRSTGELF,ATDALMTGF,HLA-A*01:01,peptide_swapped,0,3,AVFDRKSDAK,4499,0.008304834
34939,34939,DRGSQS,IYSNGD,AVSTGYALN,LGHNA,YSLEER,ASSQGNSVGGQPQH,ATDALMTGF,HLA-A*01:01,peptide_swapped,0,3,ELAGIGILTV,5440,0.0032403115
36591,36591,TSGFNG,NVLDGL,AARTGANNLF,MGHRA,YSYEKL,ASSSGDRGNYNEQF,ATDALMTGF,HLA-A*01:01,peptide_swapped,0,3,AVFDRKSDAK,5671,0.00084570225
36657,36657,SVFSS,VVTGGEV,AGGGSQGNLI,LNHDA,SQIVND,ASSIMALGRSEAF,ATDALMTGF,HLA-A*01:01,peptide_swapped,0,3,GILGFVFTL,3558,0.0017127318
37079,37079,DSAIYN,IQSSQRE,AVAGGTSYGKLT,LGHNA,YNFKEQ,ASSQEYGGAYEQY,ATDALMTGF,HLA-A*01:01,VDJdb,1,3,ATDALMTGF,1881,0.0059171533
454,454,SIFNT,LYKAGEL,AGLETSGTYKYI,SGHNT,YYREEE,ASSYKPGQRDYT,ATDALMTGF,HLA-A*01:01,peptide_swapped,0,4,KLGGALQAK,1319,0.0016353552
741,741,VSGNPY,YITGDNLV,AVNADSWGKLQ,SGHAT,FQDESV,VTGQGDINEQF,ATDALMTGF,HLA-A*01:01,peptide_swapped,0,4,KLGGALQAK,797,0.00035194523
1205,1205,NIATNDY,GYKTK,LPSGTYKYI,SEHNR,FQNEAQ,ASSFMGQLDEQF,ATDALMTGF,HLA-A*01:01,VDJdb,1,4,ATDALMTGF,3980,0.45994422
1866,1866,DSAIYN,IQSSQRE,AVNYGGSQGNLI,SGHAT,FQNNGV,ASRLLGQLETQY,ATDALMTGF,HLA-A*01:01,VDJdb,1,4,ATDALMTGF,2423,0.99771065
1957,1957,TSESDYY,QEAYKQQN,ALYTGNQFY,MGHDK,SYGVNS,ASSDPSSVGRSTDTQY,ATDALMTGF,HLA-A*01:01,peptide_swapped,0,4,CINGVCWTV,4334,0.2521511
2195,2195,VGISA,LSSGK,AVRKFGNEKLT,LNHDA,SHIVND,ASSIGLYGYT,ATDALMTGF,HLA-A*01:01,peptide_swapped,0,4,GILGFVFTL,5199,0.00036675352
3075,3075,VSGNPY,YITGDNLV,TSRVTDYKLS,SEHNR,FQNEAQ,ASSPDRESNTGELF,ATDALMTGF,HLA-A*01:01,peptide_swapped,0,4,KSKRTPMGF,4046,0.00076521595
3093,3093,NSAFQY,TYSSGN,AVTSNSNSGYALN,MDHEN,SYDVKM,ASSPQGVGQPQH,ATDALMTGF,HLA-A*01:01,peptide_swapped,0,4,ELAGIGILTV,6271,0.0021770597
3290,3290,NSASQS,VYSSG,VVGDNNDMR,SQVTM,ANQGSEA,SVEGVGTSIGEQF,ATDALMTGF,HLA-A*01:01,peptide_swapped,0,4,AVFDRKSDAK,5925,0.040835783
3526,3526,DRGSQS,IYSNGD,AVKDDKII,MGHDK,SYGVNS,ASTGTGGFSYNEQF,ATDALMTGF,HLA-A*01:01,peptide_swapped,0,4,LLWNGPMAV,3757,0.0003861919
3717,3717,TRDTTYY,RNSFDEQN,ALSEAKDEGSEKLV,LNHDA,SQIVND,ASSARSSYEQY,ATDALMTGF,HLA-A*01:01,peptide_swapped,0,4,GILGFVFTL,32,0.00032218435
4118,4118,YGATPY,YFSGDTLV,AVGFNNNDMR,WNHNN,SYGVQD,ASSESRLDGYT,ATDALMTGF,HLA-A*01:01,peptide_swapped,0,4,KLGGALQAK,5070,0.00037533868
4319,4319,TRDTTYY,RNSFDEQN,ALKLGNAGNMLT,SGDLS,YYNGEE,ASSVNPNPIRDRDNEKLF,ATDALMTGF,HLA-A*01:01,peptide_swapped,0,4,RAKFKQLL,2936,0.0017596758
4912,4912,TSGFNG,NVLDGL,AVENQGGKLI,KGHTF,FQNEQV,ASSQSPGAGGTEAF,ATDALMTGF,HLA-A*01:01,peptide_swapped,0,4,RFPLTFGWCF,6040,0.00034260046
5033,5033,TRDTTYY,RNSFDEQN,ALSGPGTSFLGSARQLT,SGHDT,YYEEEE,ASSLRDGSEAF,ATDALMTGF,HLA-A*01:01,peptide_swapped,0,4,AVFDRKSDAK,1037,0.00027370919
5177,5177,TSINN,IRSNERE,ARSRNKQGGIFF,MNHEY,SMNVEV,ASSLMGQGINQPQH,ATDALMTGF,HLA-A*01:01,peptide_swapped,0,4,GILGFVFTL,5319,0.023080867
5924,5924,NYSPAY,IRENEKE,APHPSGYSTLT,MDHEN,SYDVKM,ASSLIQGSYEQY,ATDALMTGF,HLA-A*01:01,VDJdb,1,4,ATDALMTGF,96,0.008246944
6510,6510,DSASNY,IRSNVGE,AASETSYDKVI,SGHNS,FNNNVP,ASTQQGSYGYT,ATDALMTGF,HLA-A*01:01,peptide_swapped,0,4,RAKFKQLL,4465,0.00026077108
7601,7601,DSASNY,IRSNVGE,AAPPSTGTASKLT,DFQATT,SNEGSKA,SARDETGNTIY,ATDALMTGF,HLA-A*01:01,peptide_swapped,0,4,GLCTLVAML,1997,0.00033691846
7744,7744,VSNAYN,GSKP,AVEDSYNQGGKLI,PRHDT,FYEKMQ,ASSPSGQGAGGYT,ATDALMTGF,HLA-A*01:01,peptide_swapped,0,4,AVFDRKSDAK,945,0.00027811906
8281,8281,DSSSTY,IFSNMDM,AESGGSQGNLI,MGHRA,YSYEKL,ASSQAENTEAF,ATDALMTGF,HLA-A*01:01,peptide_swapped,0,4,CINGVCWTV,3821,0.0004653994
8803,8803,DSAIYN,IQSSQRE,AVRRRGSQGNLI,SEHNR,FQNEAQ,ASSLEGQLNEQF,ATDALMTGF,HLA-A*01:01,VDJdb,1,4,ATDALMTGF,908,0.99938786
9061,9061,SVFSS,VVTGGEV,AGCHGSGNTGKLI,LNHDA,SQIVND,ASSSRSAYEQY,ATDALMTGF,HLA-A*01:01,peptide_swapped,0,4,GILGFVFTL,5339,0.0003752692
9092,9092,NSASQS,VYSSG,VVNDPYTGGFKTI,SNHLY,FYNNEI,ASSELGQLNEQF,ATDALMTGF,HLA-A*01:01,VDJdb,1,4,ATDALMTGF,2027,0.99358994
9497,9497,TRDTTYY,RNSFDEQN,ALSEASLVDSNYQLI,LNHDA,SQIVND,ASSPTSGGYNEQF,ATDALMTGF,HLA-A*01:01,peptide_swapped,0,4,GILGFVFTL,3476,0.0003112896
9994,9994,YGGTVN,YFSGDPLV,AVSARLNTDKLI,SGHNS,FNNNVP,ASSFSGNTGELF,ATDALMTGF,HLA-A*01:01,peptide_swapped,0,4,RAKFKQLL,833,0.00037013582
10038,10038,TSGFYG,NALDGL,AVKAAGNKLT,LGHDT,YNNKEL,ASSQDLQGVKNAEAF,ATDALMTGF,HLA-A*01:01,peptide_swapped,0,4,RAKFKQLL,5392,0.0005463826
10064,10064,NSASQS,VYSSG,VVGNYGQNFV,LGHNA,YSLEER,ASSQVLSGELF,ATDALMTGF,HLA-A*01:01,peptide_swapped,0,4,ELAGIGILTV,1917,0.03441272
10117,10117,NSASDY,IRSNMDK,ADSGGGADGLT,DFQATT,SNEGSKA,SALWTDSYEQY,ATDALMTGF,HLA-A*01:01,peptide_swapped,0,4,RAKFKQLL,662,0.00081549434
10312,10312,YGGTVN,YFSGDPLV,AVNEDNFNKFY,MGHRA,YSYEKL,ASSLGGTNEQF,ATDALMTGF,HLA-A*01:01,peptide_swapped,0,4,RAKFKQLL,3412,0.00028421453
10421,10421,TSGFNG,NVLDGL,AVLDSNYQLI,SGHDY,FNNNVP,ASSPSSSYEQY,ATDALMTGF,HLA-A*01:01,peptide_swapped,0,4,RAKFKQLL,1441,0.00042443475
10718,10718,DSAIYN,IQSSQRE,AVRPTGGFKTI,SGHAT,FQNNGV,ASSPSGQLEKLF,ATDALMTGF,HLA-A*01:01,VDJdb,1,4,ATDALMTGF,5017,0.99253535
10721,10721,DSASNY,IRSNVGE,AAMETSYDKVI,KGHSH,LQKENI,ASSPRKDSTGELF,ATDALMTGF,HLA-A*01:01,peptide_swapped,0,4,RAKFKQLL,4077,0.0020498494
10986,10986,NSASQS,VYSSG,VGGLNTPLV,MNHNS,SASEGT,ASSDSGQIYEQY,ATDALMTGF,HLA-A*01:01,VDJdb,1,4,ATDALMTGF,4316,0.5884475
11136,11136,SVFSS,VVTGGEV,ALEGGGADGLTFG,MNHNS,SASEGT,ASSEAELLSSYNEQFFG,ATDALMTGF,HLA-A*01:01,peptide_swapped,0,4,ELAGIGILTV,1393,0.0005664561
11388,11388,DRGSQS,IYSNGD,AVTVSNDYKLS,SGDLS,YYNGEE,ASSDASGSIGEQF,ATDALMTGF,HLA-A*01:01,peptide_swapped,0,4,CINGVCWTV,940,0.01947265
11543,11543,SSYSPS,YTSAATLV,VVSDHYSNSGYALN,SEHNR,FQNEAQ,ASSPPVISNNEQY,ATDALMTGF,HLA-A*01:01,VDJdb,1,4,ATDALMTGF,1548,0.6580739
11677,11677,YGATPY,YFSGDTLV,AVTRDDKII,LNHDA,SQIVND,ASSIYSNQPQH,ATDALMTGF,HLA-A*01:01,peptide_swapped,0,4,GILGFVFTL,791,0.00046600378
12017,12017,SSVPPY,YTSAATLV,AVSDFKAAGNKLT,SGHNS,FNNNVP,ASSLTGLAGGRGQETQY,ATDALMTGF,HLA-A*01:01,peptide_swapped,0,4,KLGGALQAK,4260,0.0033702662
12531,12531,KTLYG,LQKGGEE,GADPQGGDNNARLM,DFQATT,SNEGSKA,SARPRESSNQPQH,ATDALMTGF,HLA-A*01:01,VDJdb,1,4,ATDALMTGF,3205,0.00065096514
12688,12688,DSSSTY,IFSNMDM,AEDNNARLM,SNHLY,FYNNEI,ASSPGSTAPGELF,ATDALMTGF,HLA-A*01:01,peptide_swapped,0,4,GLCTLVAML,3928,0.0016355733
12865,12865,NSASQS,VYSSG,VVNMGDFGNEKLT,LGHNA,YNFKEQ,ASSPRLAARSDTQY,ATDALMTGF,HLA-A*01:01,peptide_swapped,0,4,RAKFKQLL,4900,0.09860742
13044,13044,YGGTVN,YFSGDPLV,AVIPGSNYQLI,LNHDA,SQIVND,ASSDRSNTEAF,ATDALMTGF,HLA-A*01:01,peptide_swapped,0,4,GILGFVFTL,3043,0.00036127988
13448,13448,SVFSS,VVTGGEV,AGGGFADYGGSQGNLI,LNHDA,SQIVND,ASSLYSNQPQH,ATDALMTGF,HLA-A*01:01,peptide_swapped,0,4,GILGFVFTL,3478,0.0016957831
13762,13762,SSVPPY,YTSAATLV,AVSQDSNYQLI,SGHAT,FQNNGV,ASSWGGGSHYGYT,ATDALMTGF,HLA-A*01:01,peptide_swapped,0,4,IVTDFSVIK,3117,0.004285775
14393,14393,DSSSTY,IFSNMDM,AEGGNTGKLI,SGHDT,YYEEEE,ASSWNRDRYNTEAF,ATDALMTGF,HLA-A*01:01,peptide_swapped,0,4,AVFDRKSDAK,5968,0.0003054333
14570,14570,DSASNY,IRSNVGE,AASGPGDDKII,MNHEY,SMNVEV,ASSPHFQVDTGELF,ATDALMTGF,HLA-A*01:01,peptide_swapped,0,4,RAKFKQLL,2345,0.00045557
14619,14619,DSVNN,IPSGT,AVSPVTQGGSEKLV,DFQATT,SNEGSKA,SARVIPREAF,ATDALMTGF,HLA-A*01:01,peptide_swapped,0,4,IVTDFSVIK,472,0.0007002883
14624,14624,YGATPY,YFSGDTLV,AVDDTNAGKST,LNHDA,SHIVND,ASSLRSTDTQY,ATDALMTGF,HLA-A*01:01,peptide_swapped,0,4,GILGFVFTL,2835,0.00031033705
14690,14690,DRGSQS,IYSNGD,AVSQDGNKLV,SGHDY,FNNNVP,ASSFQGALEQY,ATDALMTGF,HLA-A*01:01,peptide_swapped,0,4,ELAGIGILTV,5934,0.14351021
14740,14740,NIATNDY,GYKTK,LVGDPFYSSASKII,SGHNS,FNNNVP,ASSFSGNTGELF,ATDALMTGF,HLA-A*01:01,peptide_swapped,0,4,RAKFKQLL,1873,0.00032925268
14779,14779,TSINN,IRSNERE,ATELYGANSKLT,SGHNS,FNNNVP,ASSFSGNTGELF,ATDALMTGF,HLA-A*01:01,peptide_swapped,0,4,RAKFKQLL,6075,0.006357295
14801,14801,VSGNPY,YITGDNLV,AVRDMGTGGFKTI,SEHNR,FQNEAQ,AIQEDTDTQY,ATDALMTGF,HLA-A*01:01,peptide_swapped,0,4,RAKFKQLL,2421,0.0022329607
15040,15040,VGISA,LSSGK,AVKGSYSGGGADGLT,SGHTA,FQGNSA,ASSLRSGTGELF,ATDALMTGF,HLA-A*01:01,peptide_swapped,0,4,FEDLRLLSF,922,0.0010722105
15901,15901,DSASNY,IRSNVGE,AAINTGTASKLT,MNHEY,SMNVEV,ASSSPGPREKLF,ATDALMTGF,HLA-A*01:01,peptide_swapped,0,4,KLGGALQAK,999,0.00055664754
16002,16002,TSENNYY,QEAYKQQN,AFMSVDRGSTLGRLY,MDHEN,SYDVKM,ASSYITDQETQY,ATDALMTGF,HLA-A*01:01,peptide_swapped,0,4,SLFNTVATLY,4599,0.007537575
16085,16085,TSENNYY,QEAYKQQN,AFMLGAGGTSYGKLT,SGHVS,FNYEAQ,ASSFLTGNTEAF,ATDALMTGF,HLA-A*01:01,peptide_swapped,0,4,GILGFVFTL,2873,0.007829674
16253,16253,DSAIYN,IQSSQRE,AVGGRTSYDKVI,MNHEY,SMNVEV,ASSFSQATEAF,ATDALMTGF,HLA-A*01:01,peptide_swapped,0,4,KLGGALQAK,3283,0.11894855
16268,16268,TSESDYY,QEAYKQQN,AYFSLYGGSQGNLI,SGDLS,YYNGEE,ASRSHDSSTDTQY,ATDALMTGF,HLA-A*01:01,VDJdb,1,4,ATDALMTGF,5172,0.99879605
16591,16591,DRGSQS,IYSNGD,AVLGFGNVLH,SGHNS,FNNNVP,ASSPTGF,ATDALMTGF,HLA-A*01:01,peptide_swapped,0,4,AVFDRKSDAK,1918,0.00084370153
16916,16916,DSASNY,IRSNVGE,AAKEGYSTLT,MGHRA,YSYEKL,ASSLLWAEYNEQF,ATDALMTGF,HLA-A*01:01,peptide_swapped,0,4,RAKFKQLL,1936,0.0006526497
17552,17552,DSAIYN,IQSSQRE,AVRPSGGFKTI,SGHTA,FQGNSA,ASSPSGQLDSQH,ATDALMTGF,HLA-A*01:01,VDJdb,1,4,ATDALMTGF,816,0.997803
17669,17669,NSASDY,IRSNMDK,AETALGNTGKLI,MGHRA,YSYEKL,ASSHGKGGNEQF,ATDALMTGF,HLA-A*01:01,peptide_swapped,0,4,AVFDRKSDAK,3973,0.00037044688
17723,17723,VSGNPY,YITGDNLV,AVRDMLGFNKFY,MRHNA,SNTAGT,ASSPTGSDTGELF,ATDALMTGF,HLA-A*01:01,peptide_swapped,0,4,GILGFVFTL,4536,0.00043656456
18012,18012,SSVSVY,YLSGSTLV,AVSDKLVGAAGNKLT,MGHRA,YSYEKL,ASSQHGGDYEQY,ATDALMTGF,HLA-A*01:01,peptide_swapped,0,4,KLGGALQAK,770,0.031874824
18093,18093,DSAIYN,IQSSQRE,AVVYPLTHGSSNTGKLI,SEHNR,FQNEAQ,ASSLEGQLNEQF,ATDALMTGF,HLA-A*01:01,VDJdb,1,4,ATDALMTGF,732,0.9992938
18122,18122,TSGFYG,NALDGL,AVRDQDYGQNFV,SGHDT,YYEEEE,ASRDRGVGSPLH,ATDALMTGF,HLA-A*01:01,peptide_swapped,0,4,LLWNGPMAV,3361,0.00025887485
18486,18486,DRGSQS,IYSNGD,AVQGNFNKFY,DFQATT,SNEGSKA,SAEQLGVLNTEAF,ATDALMTGF,HLA-A*01:01,peptide_swapped,0,4,KLGGALQAK,3670,0.004844375
18525,18525,VSGNPY,YITGDNLV,AVRDREKAAGNKLT,MNHNS,SASEGT,ASSEFGNEQF,ATDALMTGF,HLA-A*01:01,peptide_swapped,0,4,KLGGALQAK,3784,0.00029459153
18572,18572,NSASQS,VYSSG,VVNNGDKLI,SGHVS,FNYEAQ,ASSPGTTLAKNIQY,ATDALMTGF,HLA-A*01:01,peptide_swapped,0,4,YLQPRTFLL,5025,0.0030905535
18669,18669,TSESDYY,QEAYKQQN,AYRTPYGGSQGNLI,DFQATT,SNEGSKA,SARPRESSNQPQH,ATDALMTGF,HLA-A*01:01,VDJdb,1,4,ATDALMTGF,5109,0.921986
19035,19035,NSAFQY,TYSSGN,AMEGGANNLF,LNHDA,SQIVND,ASTSVMTDSIYGYT,ATDALMTGF,HLA-A*01:01,peptide_swapped,0,4,CTELKLSDY,5024,0.0047502974
19991,19991,DSASNY,IRSNVGE,AAKEGYSTLT,SGDLS,YYNGEE,ASSEGDRVTEAF,ATDALMTGF,HLA-A*01:01,peptide_swapped,0,4,IVTDFSVIK,385,0.0006154175
20000,20000,SVFSS,VVTGGEV,AGGGSQGNLI,DFQATT,SNEGSKA,SARDLTAGSYEQY,ATDALMTGF,HLA-A*01:01,peptide_swapped,0,4,GILGFVFTL,2858,0.0005302473
20101,20101,TSENNYY,QEAYKQQN,AFMKLAGANSKLT,LGHDT,YNNKEL,ASKSEKGAGGSPLH,ATDALMTGF,HLA-A*01:01,peptide_swapped,0,4,SLFNTVATLY,4443,0.04412646
20948,20948,YSGSPE,HISR,ALVTFTGGGNKLT,SGHNT,YYREEE,ASSSTGGGEKDQPQH,ATDALMTGF,HLA-A*01:01,peptide_swapped,0,4,GILGFVFTL,4172,0.0005276127
21503,21503,NSASDY,IRSNMDK,AENGGGGADGLT,SGHDT,YYEEEE,ASSFEGLNTGELF,ATDALMTGF,HLA-A*01:01,peptide_swapped,0,4,GILGFVFTL,3447,0.000530518
21997,21997,SIFNT,LYKAGEL,AGQLSGGYQKVT,DFQATT,SNEGSKA,SARDQLREDNYGYT,ATDALMTGF,HLA-A*01:01,peptide_swapped,0,4,KLGGALQAK,4794,0.013508448
22132,22132,DSVNN,IPSGT,AGSPSNTGKLI,LNHDA,SQIVND,ASSIHSGNQPQH,ATDALMTGF,HLA-A*01:01,peptide_swapped,0,4,GILGFVFTL,5549,0.00058202154
22388,22388,DRGSQS,IYSNGD,AVNGNNNDMR,LNHDA,SQIVND,ASAWGGMTNEQY,ATDALMTGF,HLA-A*01:01,peptide_swapped,0,4,ELAGIGILTV,4788,0.0005493556
22602,22602,VGISA,LSSGK,AVAGSGGSNYKLT,SGHRS,YFSETQ,ASSLEASGPYNEQF,ATDALMTGF,HLA-A*01:01,peptide_swapped,0,4,IVTDFSVIK,3490,0.0007644144
22763,22763,DSSSTY,IFSNMDM,AEDSASKII,DFQATT,SNEGSKA,SARDETGNGYT,ATDALMTGF,HLA-A*01:01,peptide_swapped,0,4,GLCTLVAML,4625,0.0003114295
22893,22893,DSVNN,IPSGT,AVDHLMNYGGSQGNLI,LNHDA,SQIVND,ASSTYSQDTQY,ATDALMTGF,HLA-A*01:01,peptide_swapped,0,4,GILGFVFTL,3687,0.00086767937
23341,23341,TSGFNG,NVLDGL,AVRDGDYKLS,SEHNR,FQNEAQ,ASSTGQAYNEKLF,ATDALMTGF,HLA-A*01:01,peptide_swapped,0,4,AVFDRKSDAK,1932,0.003316611
23400,23400,SVFSS,VVTGGEV,AGESNNNDMP,LGHNA,YSLEER,ASSQEHLGLVGEQF,ATDALMTGF,HLA-A*01:01,peptide_swapped,0,4,RFPLTFGWCF,2129,0.00047807937
23646,23646,NIATNDY,GYKTK,LVGDMAGGFKTI,SGHNT,YYREEE,ASSWTQGDEQY,ATDALMTGF,HLA-A*01:01,peptide_swapped,0,4,DATYQRTRALVR,169,0.0003769649
23842,23842,SSVPPY,YTSAATLV,AVSERLWDDKII,LGHNT,FRNRAP,ASGLDSSSGNTIY,ATDALMTGF,HLA-A*01:01,peptide_swapped,0,4,AVFDRKSDAK,3215,0.075375035
24419,24419,NIATNDY,GYKTK,LARQEDVNTGFQKLV,MNHNS,SASEGT,ASSEIMGDLYEQY,ATDALMTGF,HLA-A*01:01,peptide_swapped,0,4,KSKRTPMGF,982,0.0013276418
24582,24582,NSASDY,IRSNMDK,AENILSSSNTGKLI,SGDLS,YYNGEE,ASQSAEASTDTQY,ATDALMTGF,HLA-A*01:01,VDJdb,1,4,ATDALMTGF,5697,0.0010782157
24747,24747,NSASDY,IRSNMDK,AEKGGDDKII,ENHRY,SYGVKD,AISESSSGNNEQF,ATDALMTGF,HLA-A*01:01,VDJdb,1,4,ATDALMTGF,2071,0.04223818
24793,24793,VSPFSN,MTFSENT,VVSDEYGNKLV,MRHNA,SNTAGT,ASSVWTGHDEQF,ATDALMTGF,HLA-A*01:01,peptide_swapped,0,4,GLCTLVAML,792,0.008717799
25500,25500,TISGTDY,GLTSN,ILGWGKLQ,MNHEY,SMNVEV,ASSLDRVTGELF,ATDALMTGF,HLA-A*01:01,peptide_swapped,0,4,NLVPMVATV,5105,0.0010059365
25847,25847,YGATPY,YFSGDTLV,AVDNNNDMR,SGHDY,FNNNVP,ASRTSGNEQF,ATDALMTGF,HLA-A*01:01,peptide_swapped,0,4,KLGGALQAK,1,0.0005219249
25932,25932,YGGTVN,YFSGDPLV,AVNSGYSTLT,KGHDR,SFDVKD,ATASGTVTDTQY,ATDALMTGF,HLA-A*01:01,peptide_swapped,0,4,AVFDRKSDAK,441,0.0009174164
26892,26892,KTLYG,LQKGGEE,GAAHNYGQNFV,LNHDA,SQIVND,ASSTGLYGYT,ATDALMTGF,HLA-A*01:01,peptide_swapped,0,4,GILGFVFTL,5567,0.00035701614
27299,27299,TSINN,IRSNERE,ATDARNTDKLI,MGHRA,YSYEKL,ASSPRRVGLAGVNGTDTQY,ATDALMTGF,HLA-A*01:01,peptide_swapped,0,4,AVFDRKSDAK,2066,0.00038128288
27984,27984,VSGLRG,LYSAGEE,AVQAGYNTDKLI,SGHRS,YFSETQ,ASSLSWQELYGYT,ATDALMTGF,HLA-A*01:01,peptide_swapped,0,4,AVFDRKSDAK,5364,0.0005712345
28653,28653,DSASNY,IRSNVGE,AAQPPTGNQFY,SGHAT,FQNNGV,ASSFLTGQGETQY,ATDALMTGF,HLA-A*01:01,peptide_swapped,0,4,RAKFKQLL,3060,0.00037678986
28700,28700,SSVPPY,YTSAATLV,AVSEGGNKLV,MDHEN,SYDVKM,ASSLSQGALYEQY,ATDALMTGF,HLA-A*01:01,VDJdb,1,4,ATDALMTGF,5450,0.3989646
28724,28724,TSGFYG,NALDGL,AVDDTGGGNKLT,SNHLY,FYNNEI,ASSAGQVSPGELF,ATDALMTGF,HLA-A*01:01,peptide_swapped,0,4,GLCTLVAML,5110,0.0012059263
28853,28853,YGATPY,YFSGDTLV,AVGEDSQLT,LGHNA,YSLEER,ASSQDSTSGYSREQF,ATDALMTGF,HLA-A*01:01,peptide_swapped,0,4,KSKRTPMGF,1534,0.00034789045
29213,29213,SVFSS,VVTGGEV,AGATQGGSEKLV,MDHEN,SYDVKM,ASSVDGTLVDTQY,ATDALMTGF,HLA-A*01:01,peptide_swapped,0,4,IVTDFSVIK,1815,0.00040346468
29342,29342,TISGNEY,GLKNN,IVRVTMDSNYQLI,LGHDT,YNNKEL,ASSQDRGATDELF,ATDALMTGF,HLA-A*01:01,peptide_swapped,0,4,KLGGALQAK,2620,0.00031711988
29533,29533,TSGFNG,NVLDGL,AALINARLM,MNHEY,SVGEGT,ASSDGTSGGGEQY,ATDALMTGF,HLA-A*01:01,peptide_swapped,0,4,AVFDRKSDAK,5581,0.00028583978
29662,29662,VSGNPY,YITGDNLV,AVDSSASKII,DFQATT,SNEGSKA,SAPARSEPYEQY,ATDALMTGF,HLA-A*01:01,peptide_swapped,0,4,KLGGALQAK,1757,0.00025828517
29863,29863,DRGSQS,IYSNGD,AVEGGKLI,SQVTM,ANQGSEA,SVEGRGTDTQY,ATDALMTGF,HLA-A*01:01,peptide_swapped,0,4,LLWNGPMAV,2643,0.0025809186
30092,30092,DSSSTY,IFSNMDM,AEWGNTGRRALT,SEHNR,FQNEAQ,ASSFIDNEQF,ATDALMTGF,HLA-A*01:01,peptide_swapped,0,4,AVFDRKSDAK,5994,0.010595708
30715,30715,SSYSPS,YTSAATLV,VVSAGSIVSGGYNKLI,ENHRY,SYGVKD,AIRDKMNTEAF,ATDALMTGF,HLA-A*01:01,peptide_swapped,0,4,NLVPMVATV,436,0.9261606
30933,30933,TSGFYG,NALDGL,AVREVTGGFKTI,LNHDA,SQIVND,ASSPGQLYEQY,ATDALMTGF,HLA-A*01:01,peptide_swapped,0,4,AVFDRKSDAK,802,0.0033994117
31546,31546,SSVPPY,YTSAATLV,AVTFTGNTPLV,LNHDA,SQIVND,ASSTRSQETQY,ATDALMTGF,HLA-A*01:01,peptide_swapped,0,4,GILGFVFTL,1034,0.017833777
32056,32056,DSASNY,IRSNVGE,AASIAGGYQKVT,SEHNR,FQNEAQ,ASSLGQGVFYEQF,ATDALMTGF,HLA-A*01:01,peptide_swapped,0,4,AVFDRKSDAK,1077,0.026345616
32588,32588,DSAIYN,IQSSQRE,AVCEEGSQGNLI,SEHNR,FQNEAQ,ASSLEGQLYEQY,ATDALMTGF,HLA-A*01:01,VDJdb,1,4,ATDALMTGF,299,0.99932766
32744,32744,DSSSTY,IFSNMDM,AEMEGGSYIPT,LGHNA,YNFKEQ,ASSQEWLAVSTDTQY,ATDALMTGF,HLA-A*01:01,peptide_swapped,0,4,RAKFKQLL,4097,0.0005733671
32799,32799,DRGSQS,IYSNGD,AVTNYGGSQGNLI,KGHDR,SFDVKD,ATRRPGQQETQY,ATDALMTGF,HLA-A*01:01,peptide_swapped,0,4,KLGGALQAK,2284,0.1033381
32932,32932,TSGFNG,NVLDGL,AVNEGDYKLS,DFQATT,SNEGSKA,SARHLSGIEQF,ATDALMTGF,HLA-A*01:01,peptide_swapped,0,4,SLFNTVATLY,3675,0.0003293362
33020,33020,DSAIYN,IQSSQRE,AVRNTGGFKTI,SGHAT,FQNNGV,ASSLSGQLDTQY,ATDALMTGF,HLA-A*01:01,VDJdb,1,4,ATDALMTGF,5774,0.9924263
34818,34818,SSVPPY,YTSAATLV,AVTPGDYKLS,LNHDA,SQIVND,ASSIRDSGNQPQH,ATDALMTGF,HLA-A*01:01,VDJdb,1,4,ATDALMTGF,5472,0.9731306
35169,35169,DSASNY,IRSNVGE,AASETSYDKVI,SEHNR,FQNEAQ,ASSLFFGYEQY,ATDALMTGF,HLA-A*01:01,peptide_swapped,0,4,IVTDFSVIK,1951,0.001097888
35528,35528,DSASNY,IRSNVGE,AATETSYDKVI,SGHNT,YYREEE,ASKRQGSLSYEQY,ATDALMTGF,HLA-A*01:01,peptide_swapped,0,4,RAKFKQLL,165,0.00032206785
36262,36262,SSVPPY,YTSAATLV,AVSAGDYKLS,KGHDR,SFDVKD,ATSDSVAGNQPQH,ATDALMTGF,HLA-A*01:01,VDJdb,1,4,ATDALMTGF,2549,0.99860823
36323,36323,TSENNYY,QEAYKQQN,AFLQGGSEKLV,MDHEN,SYDVKM,ASSLFGLAGVEETQY,ATDALMTGF,HLA-A*01:01,peptide_swapped,0,4,RLPGVLPRA,5241,0.0036104089
36580,36580,VSGNPY,YITGDNLV,AVAKDLQNSGGGADGLT,LNHNV,YYDKDF,ATSYEDNSGANVLT,ATDALMTGF,HLA-A*01:01,peptide_swapped,0,4,GILGFVFTL,2367,0.00047473324
37661,37661,NSASDY,IRSNMDK,ADPTDSWGKLQ,SGHDN,FVKESK,ASSLIGLAEQF,ATDALMTGF,HLA-A*01:01,peptide_swapped,0,4,RLPGVLPRA,4626,0.0012322403
