index,A1,A2,A3,B1,B2,B3,peptide,allele,origin,binder,partition,original_peptide,original_index
1000,TRDTTYY,RNSFDEQN,ALREPMEYGNKLV,SGHDN,FVKESK,ASSLYGANVLT,SPRWYFYYL,HLA-B*07:02,peptide_swapped,0,2,IVTDFSVIK,5453
1175,TSENNYY,QEAYKQQN,AFNSNYQLI,DFQATT,SNEGSKA,SASRDRGPSYNEQF,AVFDRKSDAK,HLA-A*11:01,10x,1,0,AVFDRKSDAK,3378
1183,DSASNY,IRSNVGE,AAAETSYDKVI,SEHNR,FQNEAQ,ASSLLGLAETQY,SPRWYFYYL,HLA-B*07:02,peptide_swapped,0,1,RAKFKQLL,2917
1678,TTLSN,LVKSGEV,AGNMDSNYQLI,MNHEY,SMNVEV,ASSLGGTVVSPLH,GILGFVFTL,HLA-A*02:01,peptide_swapped,0,1,AVFDRKSDAK,504
1774,SVFSS,VVTGGEV,AGEVGWQTGANNLF,MGHRA,YSYEKL,ASSPTSGSYEQY,CINGVCWTV,HLA-A*02:01,peptide_swapped,0,1,RFPLTFGWCF,273
1809,DRGSQS,IYSNGD,AKSASKII,MNHNS,SASEGT,ASSEALGSTSYEQY,NLVPMVATV,HLA-A*02:01,peptide_swapped,0,3,LLWNGPMAV,100
1968,KALYS,LLKGGEQ,GTASSGSARQLT,SGHDN,FVKESK,ASSQTGGKTYEQY,RAKFKQLL,HLA-B*08:01,peptide_swapped,0,2,AVFDRKSDAK,2383
2036,YGATPY,YFSGDTLV,AVTRDDKII,MDHEN,SYDVKM,ASSTDRAAQPQH,SPRWYFYYL,HLA-B*07:02,peptide_swapped,0,0,SLFNTVATLY,5879
2085,DRGSQS,IYSNGD,AAGAGSYQLT,MNHEY,SVGEGT,ASSQGQGQPQH,AVFDRKSDAK,HLA-A*11:01,peptide_swapped,0,1,ELAGIGILTV,3858
2123,DSASNY,IRSNVGE,AAKEGYSTLT,SGDLS,YYNGEE,ASSSGLVSNTGELF,GLCTLVAML,HLA-A*02:01,10x,1,1,GLCTLVAML,3995
2168,TRDTTYY,RNSFDEQN,ALSEKAGGGNKLT,SEHNR,FQNEAQ,ASRPDGSQETQY,KLGGALQAK,HLA-A*03:01,10x,1,0,KLGGALQAK,4524
2173,NSASQS,VYSSG,VVNRDNDMR,MNHEY,SVGAGI,ATTSLNTGELF,RAKFKQLL,HLA-B*08:01,peptide_swapped,0,3,YLQPRTFLL,1385
2289,TSGFNG,NVLDGL,AVSGEGGKLI,DFQATT,SNEGSKA,SAPARSEPYEQY,KLGGALQAK,HLA-A*03:01,10x,1,2,KLGGALQAK,5729
2342,DRGSQS,IYSNGD,AVNRDDKII,LNHNV,YYDKDF,ATTGGSGYEQY,LLWNGPMAV,HLA-A*02:01,VDJdb,1,1,LLWNGPMAV,5008
2435,NSASQS,VYSSG,VVNDPYTGGFKTI,SNHLY,FYNNEI,ASSELGQLNEQF,CINGVCWTV,HLA-A*02:01,peptide_swapped,0,4,ATDALMTGF,2027
2445,YGATPY,YFSGDTLV,AVGYSGGYQKVT,SEHNR,FQNEAQ,ASSSPPDRGPNTGELF,RAKFKQLL,HLA-B*08:01,peptide_swapped,0,0,GILGFVFTL,5045
2503,TISGNEY,GLKNN,ILWVAAGNKLT,SGDLS,YYNGEE,ASSVRSSMNTEAF,GLCTLVAML,HLA-A*02:01,peptide_swapped,0,2,RAKFKQLL,3712
2527,NSAFQY,TYSSGN,AIWGEGYQKVT,SGHVS,FQNEAQ,ASSLGIPQREPYNEQF,AVFDRKSDAK,HLA-A*11:01,peptide_swapped,0,3,HPVTKYIM,4508
2633,TTSDR,LLSNGAV,AGFSGGYNKLI,LGHDT,YNNKEL,ASSQELRNQPQH,RAKFKQLL,HLA-B*08:01,peptide_swapped,0,1,RLRAEAQVK,1952
2658,NSMFDY,ISSIKDK,AARANTDKLI,LNHNV,YYDKDF,ATSRESGNGKLF,RAKFKQLL,HLA-B*08:01,peptide_swapped,0,4,LLWNGPMAV,1927
2666,DRGSQS,IYSNGD,AVSSTDKLI,DFQATT,SNEGSKA,SAPLAGGPNEQF,LLWNGPMAV,HLA-A*02:01,VDJdb,1,4,LLWNGPMAV,2025
2679,TSGFNG,NVLDGL,AVMGSNYQLI,MRHNA,SNTAGT,ASTDGVENSPLH,GILGFVFTL,HLA-A*02:01,peptide_swapped,0,3,RAKFKQLL,2256
2799,SVFSS,VVTGGEV,AGGGFADYGGSQGNLI,LNHDA,SQIVND,ASSLYSNQPQH,SPRWYFYYL,HLA-B*07:02,peptide_swapped,0,4,GILGFVFTL,3478
3037,DSVNN,IPSGT,AVPLRADLTKLV,MNHEY,SMNVEV,ASSLEVGLAPNEQF,LLWNGPMAV,HLA-A*02:01,peptide_swapped,0,2,RLPGVLPRA,2772
3083,VSGLRG,LYSAGEE,AVQALMYSGGGADGLT,SGHVS,FQNEAQ,ASSFLAGGYNEQF,GILGFVFTL,HLA-A*02:01,peptide_swapped,0,4,IVTDFSVIK,2334
3128,VSGNPY,YITGDNLV,AVRDPWNNNARLM,SGHAT,FQNNGV,ASSLVSESGGVRETQY,LLWNGPMAV,HLA-A*02:01,peptide_swapped,0,0,RAKFKQLL,5054
3182,TSINN,IRSNERE,ATDAARQLT,SGHAT,FQNNGV,ASSLDLPGPEGETQY,KLGGALQAK,HLA-A*03:01,peptide_swapped,0,0,DATYQRTRALVR,4873
3238,NSASQS,VYSSG,VARGVNSGGGADGLT,LGHDT,YNNKEL,ASSQGGSFPAF,SPRWYFYYL,HLA-B*07:02,peptide_swapped,0,3,RAKFKQLL,4616
3295,DRGSQS,IYSNGD,AVNRDDKII,LNHNV,YYDKDF,ATTGGSGYEQY,KLGGALQAK,HLA-A*03:01,peptide_swapped,0,1,LLWNGPMAV,5008
3334,DSAIYN,IQSSQRE,AAYILWGWELPTH,SGDLS,YYNGEE,ASSGTSGILETQY,GILGFVFTL,HLA-A*02:01,peptide_swapped,0,2,AVFDRKSDAK,6038
3537,DSAIYN,IQSSQRE,AVLRMDSSYKLI,DFQATT,SNEGSKA,SAGSGTRGETQY,ELAGIGILTV,HLA-A*02:01,peptide_swapped,0,3,AVFDRKSDAK,4515
3645,TRDTTYY,RNSFDEQN,ALGDSGAGSYQLT,MGHRA,YSYEKL,ASSTSTGTGYGYT,ELAGIGILTV,HLA-A*02:01,peptide_swapped,0,1,RAKFKQLL,2569
3722,SVFSS,VVTGGEV,AGNSGNTGKLI,SQVTM,ANQGSEA,SACRDREPDTQY,ELAGIGILTV,HLA-A*02:01,peptide_swapped,0,4,GILGFVFTL,5929
3812,TSDPSYG,QGSYDQQN,AMRGAGNEKLT,SGDLS,YYNGEE,ASSVEPGWDEQY,AVFDRKSDAK,HLA-A*11:01,peptide_swapped,0,0,YLQPRTFLL,921
3841,DSSSTY,IFSNMDM,AEEGNTGKLI,SGHTA,FQGTGA,ASSTPLENEQF,AVFDRKSDAK,HLA-A*11:01,peptide_swapped,0,4,YLQPRTFLL,781
3859,TSGFYG,NALDGL,AVSRMDSSYKLI,SEHNR,FQNEAQ,ASSPLGGPKDTIY,GLCTLVAML,HLA-A*02:01,peptide_swapped,0,3,RAKFKQLL,2030
3899,DRGSQS,IYSNGD,AVGMYSGGGADGLT,MNHEY,SVGEGT,ASSYGVGQPQH,LLWNGPMAV,HLA-A*02:01,peptide_swapped,0,4,ELAGIGILTV,3551
3902,VSGLRG,LYSAGEE,AVQARNNAGNMLT,LNHDA,SQIVND,ASSIVKLAGGTYEQY,KLGGALQAK,HLA-A*03:01,peptide_swapped,0,4,CTELKLSDY,462
3930,NSAFQY,TYSSGN,AGWEGQGGKLI,SNHLY,FYNNEI,ASSEVPGTSGRAGTDTQY,GILGFVFTL,HLA-A*02:01,peptide_swapped,0,3,CINGVCWTV,4953
3989,NSASDY,IRSNMDK,ADSGGGADGLT,MNHNS,SASEGT,ASSPSRLGTGFYEQY,ELAGIGILTV,HLA-A*02:01,peptide_swapped,0,0,RAKFKQLL,540
4034,NIATNDY,GYKTK,FVADKLI,MNHEY,SVGEGT,ASSQAGVPDTQY,CINGVCWTV,HLA-A*02:01,VDJdb,1,3,CINGVCWTV,361
4110,TISGTDY,GLTSN,ILFSGGYQKVT,MNHEY,SVGEGT,ASRTDRGDEQF,GILGFVFTL,HLA-A*02:01,peptide_swapped,0,2,AVFDRKSDAK,4739
4120,DRGSQS,IYSNGD,AVRGGKLI,SQVTM,ANQGSEA,SVEDGGRGGSTDTQY,CINGVCWTV,HLA-A*02:01,peptide_swapped,0,0,ELAGIGILTV,1281
4142,VGISA,LSSGK,AVGGGADGLT,SSHAT,FNYEAQ,ASSLDRQGFGELF,ELAGIGILTV,HLA-A*02:01,peptide_swapped,0,2,KSKRTPMGF,1519
4260,NSASDY,IRSNMDK,ADSGGGADGLT,DFQATT,SNEGSKA,SALWTDSYEQY,CINGVCWTV,HLA-A*02:01,peptide_swapped,0,4,RAKFKQLL,662
4279,KTLYG,LQKGGEE,GADNQGGSEKLV,SGHDT,YYEEEE,ASSVTGISGNTIY,GILGFVFTL,HLA-A*02:01,peptide_swapped,0,3,IVTDFSVIK,1008
4368,DRGSQS,IYSNGD,AVEGSQGNLI,SEHNR,FQNEAQ,ASSYGQLNQPQH,CINGVCWTV,HLA-A*02:01,peptide_swapped,0,1,RAKFKQLL,2488
4391,NIATNDY,GYKTK,LVGDPPTNAGKST,LGHNA,YSLEER,ASSQEVGAPGEQY,GLCTLVAML,HLA-A*02:01,peptide_swapped,0,1,CINGVCWTV,225
4421,NIATNDY,GYKTK,LVGPNDMR,LGHNA,YNFKEQ,ASSQEIGLGIGPQH,CINGVCWTV,HLA-A*02:01,VDJdb,1,1,CINGVCWTV,6093
4476,NSASQS,VYSSG,VVNTGFQKLV,SGHRS,YFSETQ,ASSLDGGDSYEQY,GILGFVFTL,HLA-A*02:01,peptide_swapped,0,4,KLGGALQAK,4651
4657,TTSDR,LLSNGAV,AVCMDSSYKLI,SGHNT,YYREEE,ASSLAGDYEQY,GILGFVFTL,HLA-A*02:01,peptide_swapped,0,2,NLVPMVATV,5860
4786,DSSSTY,IFSNMDM,AESLWDDKII,SNHLY,FYNNEI,ASRSSGGAYNEQF,CINGVCWTV,HLA-A*02:01,peptide_swapped,0,3,RAKFKQLL,68
4807,TSINN,IRSNERE,ATDAFNAGGTSYGKLT,MNHEY,SVGEGT,ASSYFRSGALYNEQF,LLWNGPMAV,HLA-A*02:01,peptide_swapped,0,0,KLGGALQAK,2323
4808,NIATNDY,GYKTK,LVGLYQEAGNNRKLI,SGHTA,FQGNSA,ASSLEVAAGGGDTQY,CINGVCWTV,HLA-A*02:01,VDJdb,1,2,CINGVCWTV,2694
4914,KALYS,LLKGGEQ,GTEYPNDYKLS,LGHNA,YSLEER,ASSLPGTVQETQY,GILGFVFTL,HLA-A*02:01,peptide_swapped,0,0,GLCTLVAML,4698
5108,DSVNN,IPSGT,AVEDPVTGGGNKLT,MNHEY,SVGEGT,ASSNHLAGHTYEQY,CINGVCWTV,HLA-A*02:01,VDJdb,1,4,CINGVCWTV,1545
5134,DRGSQS,IYSNGD,AAVASKII,LGHDT,YNNKEL,ASSIKPDGYEQY,GILGFVFTL,HLA-A*02:01,peptide_swapped,0,4,LLWNGPMAV,2128
5135,VSGNPY,YITGDNLV,AVSALWDYKLS,SEHNR,FQNEAQ,ASSPDRESNTGELF,LLWNGPMAV,HLA-A*02:01,peptide_swapped,0,2,KSKRTPMGF,4516
5462,DSSSTY,IFSNMDM,AEKDTGGFKTI,SEHNR,FQNEAQ,ASTGGDRTYYEQY,AVFDRKSDAK,HLA-A*11:01,peptide_swapped,0,4,KLGGALQAK,5941
5637,NSAFQY,TYSSGN,AMRDRNSGGSNYKLT,PRHDT,FYEKMQ,ASSSDRDNTGELF,KLGGALQAK,HLA-A*03:01,peptide_swapped,0,1,GILGFVFTL,5958
5759,NSAFQY,TYSSGN,ATQGAQKLV,MNHEY,SVGEGT,ASSQVLGLSVTGELF,LLWNGPMAV,HLA-A*02:01,peptide_swapped,0,3,GILGFVFTL,463
5914,NSASQS,VYSSG,VVNLNARLM,SGHVS,FNYEAQ,ASSSESLAVYSNEQF,NLVPMVATV,HLA-A*02:01,peptide_swapped,0,1,ELAGIGILTV,6241
6071,NSASQS,VYSSG,VVNFALGRLY,SEHNR,FQNEAQ,ASSLVGTSATGELF,GLCTLVAML,HLA-A*02:01,peptide_swapped,0,0,AVFDRKSDAK,174
6595,DRGSQS,IYSNGD,AVKDDKII,MGHDK,SYGVNS,ASTGTGGFSYNEQF,GLCTLVAML,HLA-A*02:01,peptide_swapped,0,4,LLWNGPMAV,3757
6605,YGATPY,YFSGDTLV,ALQTGANNLF,LGHDT,YNNKEL,ASSQDRWDVMSQNIQY,ELAGIGILTV,HLA-A*02:01,peptide_swapped,0,3,VLFGLGFAI,4459
6643,VSGLRG,LYSAGEE,AVQPRGDNFNKFY,SGHDY,FNNNVP,ASSHARGSSYNEQF,IVTDFSVIK,HLA-A*11:01,peptide_swapped,0,2,AVFDRKSDAK,5798
6695,TRDTTYY,RNSFDEQN,ALNMDSNYQLI,MNHEY,SMNVEV,ASSLSGRPYEQY,ELAGIGILTV,HLA-A*02:01,peptide_swapped,0,1,RAKFKQLL,3562
6817,SVFSS,VVTGGEV,AGAKGAQKLV,SQVTM,ANQGSEA,SVGSGDYEQY,LLWNGPMAV,HLA-A*02:01,peptide_swapped,0,4,RAKFKQLL,1083
7041,DSAIYN,IQSSQRE,AVGPGTYKYI,MNHEY,SMNVEV,ASSPQGGSTPYEQY,NLVPMVATV,HLA-A*02:01,peptide_swapped,0,0,KLGGALQAK,6306
7074,NSASDY,IRSNMDK,AETHSGGSNYKLT,DFQATT,SNEGSKA,SARDLGTSKQYEQY,NLVPMVATV,HLA-A*02:01,peptide_swapped,0,4,RAKFKQLL,5514
7151,DSSSTY,IFSNMDM,AEMEGGSYIPT,SGHAT,FQNNGV,ASSWGGGSHYGYT,ELAGIGILTV,HLA-A*02:01,peptide_swapped,0,0,IVTDFSVIK,976
7207,VGISA,LSSGK,AVACEDGGSQGNLI,MNHEY,SVGEGT,AIQDAGASYEQY,LLWNGPMAV,HLA-A*02:01,VDJdb,1,3,LLWNGPMAV,4452
7236,DRGSQS,IYSNGD,AVSGDMR,MNHEY,SVGAGI,ATQPTSVSGQPQH,KLGGALQAK,HLA-A*03:01,peptide_swapped,0,2,ELAGIGILTV,6337
7336,DSASNY,IRSNVGE,AASLGSSASKII,SGDLS,YYNGEE,ASSSQEGDRYNEQF,AVFDRKSDAK,HLA-A*11:01,10x,1,1,AVFDRKSDAK,4226
7520,DRGSQS,IYSNGD,AVRTYKYI,LGHNA,YNFKEQ,ASSQEEGPSNQPQH,IVTDFSVIK,HLA-A*11:01,peptide_swapped,0,4,ELAGIGILTV,1618
7826,NSASQS,VYSSG,VVEGGMNRDDKII,SQVTM,ANQGSEA,SSTGTEHSSYNEQF,IVTDFSVIK,HLA-A*11:01,peptide_swapped,0,0,KLGGALQAK,4526
7942,VSGNPY,YITGDNLV,AVRLHNYGQNFV,DFQATT,SNEGSKA,SARVSGTSGSSNEQY,LLWNGPMAV,HLA-A*02:01,peptide_swapped,0,1,KLGGALQAK,1510
8154,VSNAYN,GSKP,AVGPNNNARLM,MNHEY,SVGEGT,ASSYPGTGEYEQY,IVTDFSVIK,HLA-A*11:01,10x,1,3,IVTDFSVIK,3582
8643,DRGSQS,IYSNGD,AVSGYSTLT,MNHEY,SVGAGI,ASSAQGAYGYT,AVFDRKSDAK,HLA-A*11:01,peptide_swapped,0,4,LLWNGPMAV,5121
8800,VSGLRG,LYSAGEE,AGGGSQGNLI,MNHEY,SMNVEV,ASSGSPYNEQF,IVTDFSVIK,HLA-A*11:01,peptide_swapped,0,4,KLGGALQAK,5187
9020,TSENNYY,QEAYKQQN,ALLPGSGTASKLT,SGHVS,FQNEAQ,ASSYGTGDLSYNEQF,IVTDFSVIK,HLA-A*11:01,peptide_swapped,0,4,KSKRTPMGF,3047
9037,NIATNDY,GYKTK,LVGDGWEYGNKLV,DFQATT,SNEGSKA,SASGQGLNTGELF,AVFDRKSDAK,HLA-A*11:01,10x,1,2,AVFDRKSDAK,5014
9200,SSNFYA,MTLNGDE,ARSTDSWGKLQ,SGHVS,FNYEAQ,ASTPEGSYNEQF,AVFDRKSDAK,HLA-A*11:01,peptide_swapped,0,0,LLWNGPMAV,5101
9424,VSGLRG,LYSAGEE,AVQADNYGQNFV,ENHRY,SYGVKD,AISEIWTGREDNSYEQY,CINGVCWTV,HLA-A*02:01,peptide_swapped,0,0,AVFDRKSDAK,5736
9448,DRGSQS,IYSNGD,AVNQGQGAQKLV,GTSNPN,SVGIG,AWSLPGLSYEQY,NLVPMVATV,HLA-A*02:01,peptide_swapped,0,1,ELAGIGILTV,2940
9991,TSINN,IRSNERE,ATARSSMDSNYQLI,LNHDA,SQIVND,ATAPHSGNQPQH,IVTDFSVIK,HLA-A*11:01,peptide_swapped,0,2,GILGFVFTL,3045
10161,KALYS,LLKGGEQ,GTEEQETSGSRLT,LGHDT,YNNKEL,ASSQWGTGQPQH,NLVPMVATV,HLA-A*02:01,peptide_swapped,0,3,AVFDRKSDAK,727
10366,DRGSQS,IYSNGD,AVSPSGNTPLV,SGHAT,FQDESV,ASRGTHYGYT,AVFDRKSDAK,HLA-A*11:01,peptide_swapped,0,2,HPVTKYIM,4986
10479,SSYSPS,YTSAATLV,VVSERDSSYKLI,SGHDY,FNNNVP,ASSRGLGETQY,AVFDRKSDAK,HLA-A*11:01,10x,1,4,AVFDRKSDAK,5811
10555,DRGSQS,IYSNGD,AASGGTYKYI,DFQATT,SNEGSKA,SARSQGDSSFNSPLH,GLCTLVAML,HLA-A*02:01,10x,1,4,GLCTLVAML,3654
10601,NSASQS,VYSSG,VVESMEYGNKLV,SGHKS,YYEKEE,ASSRGRGGQYNEQF,SPRWYFYYL,HLA-B*07:02,peptide_swapped,0,4,RAKFKQLL,5000
10650,SVFSS,VVTGGEV,AGSPSNDYKLS,SGDLS,YYNGEE,ASSVASGRTDTQY,AVFDRKSDAK,HLA-A*11:01,peptide_swapped,0,3,KLGGALQAK,5788
10673,DSASNY,IRSNVGE,AAKLSDSSYKLI,DFQATT,SNEGSKA,SAMTSGSSYEQY,GILGFVFTL,HLA-A*02:01,peptide_swapped,0,4,KLGGALQAK,9
11033,DRGSQS,IYSNGD,AVSTGFQKLV,MNHEY,SMNVEV,ASSLGETQY,ELAGIGILTV,HLA-A*02:01,10x,1,2,ELAGIGILTV,5625
11048,NSMFDY,ISSIKDK,AASGLNNNAGNMLT,SGHDN,FVKESK,ASSPGQLQETQY,CINGVCWTV,HLA-A*02:01,peptide_swapped,0,2,NLVPMVATV,2303
11213,TSGFNG,NVLDGL,AVKDSNYQLI,MNHEY,SVGEGT,ASSYSTDSGYGYT,ELAGIGILTV,HLA-A*02:01,peptide_swapped,0,2,AVFDRKSDAK,1979
11515,VSPFSN,MTFSENT,VVSDASGGSYIPT,MNHEY,SVGEGT,ASARQDYNEQF,AVFDRKSDAK,HLA-A*11:01,peptide_swapped,0,0,KLGGALQAK,2399
11564,SVFSS,VVTGGEV,AGGGSQGNLI,SEHNR,FQNEAQ,ASSRGQINQPQH,KLGGALQAK,HLA-A*03:01,peptide_swapped,0,3,GILGFVFTL,4668
11579,DRGSQS,IYSNGD,AVAGYGGSQGNLIFG,MDHEN,SYDVKM,ASSPQGLGTEAFFG,KLGGALQAK,HLA-A*03:01,peptide_swapped,0,2,ELAGIGILTV,2639
11634,DRGSQS,IYSNGD,AVSGTDKLI,SGHKS,YYEKEE,ASSLGGLGSPLH,KLGGALQAK,HLA-A*03:01,peptide_swapped,0,4,ELAGIGILTV,856
11644,NSASQS,VYSSG,VVNKDSGYALN,SQVTM,ANQGSEA,SVEADRNTGELF,AVFDRKSDAK,HLA-A*11:01,peptide_swapped,0,2,YLQPRTFLL,2806
11679,TSGFNG,NVLDGL,AVRLQAGTALI,SGHNS,FNNNVP,ASSFSGNTGELF,NLVPMVATV,HLA-A*02:01,peptide_swapped,0,1,RAKFKQLL,4333
11741,SSNFYA,MTLNGDE,ARNTGNQFY,MNHEY,SVGAGI,ASSPQTGVGNYGYT,AVFDRKSDAK,HLA-A*11:01,peptide_swapped,0,1,NLVPMVATV,2215
11907,TSINN,IRSNERE,ATDRAGSARQLT,DFQATT,SNEGSKA,SARDRTGNGYT,CINGVCWTV,HLA-A*02:01,peptide_swapped,0,0,GLCTLVAML,498
11953,YGATPY,YFSGDTLV,AVGDNFNKFY,WNHNN,SYGVQD,ASSRDASSYEQY,IVTDFSVIK,HLA-A*11:01,peptide_swapped,0,0,AVFDRKSDAK,5271
11996,DSSSTY,IFSNMDM,AESGGATNKLI,SGHVS,FNYEAQ,ASSLAGTSPPF,RAKFKQLL,HLA-B*08:01,peptide_swapped,0,3,RFPLTFGWCF,3806
12202,NIATNDY,GYKTK,LVGDMAGGFKTI,SGHNT,YYREEE,ASSWTQGDEQY,ELAGIGILTV,HLA-A*02:01,peptide_swapped,0,4,DATYQRTRALVR,169
12240,TRDTTYY,RNSFDEQN,ALVSGGYNKLI,MNHEY,SMNVEV,ASSLGAGTNEQF,NLVPMVATV,HLA-A*02:01,peptide_swapped,0,2,KLGGALQAK,1130
12446,DSASNY,IRSNVGE,AAAETSYDKVI,LGHDT,YNNKEL,ASSYSGGAGELF,KLGGALQAK,HLA-A*03:01,peptide_swapped,0,0,RAKFKQLL,4317
12863,DSASNY,IRSNVGE,AASMGGGSQGNLI,LNHDA,SQIVND,ASSQGAYGYT,KLGGALQAK,HLA-A*03:01,peptide_swapped,0,2,GILGFVFTL,5011
13018,DSASNY,IRSNVGE,AASETSYDKVI,SEHNR,FQNEAQ,ASSLLGQPNTEAF,GLCTLVAML,HLA-A*02:01,peptide_swapped,0,4,RAKFKQLL,92
13084,VSGNPY,YITGDNLV,AVAKDLQNSGGGADGLT,LNHNV,YYDKDF,ATSYEDNSGANVLT,SPRWYFYYL,HLA-B*07:02,peptide_swapped,0,4,GILGFVFTL,2367
13469,DRGSQS,IYSNGD,AVPYYNFNKFY,MNHEY,SMNVEV,ASSLSRKGELF,SPRWYFYYL,HLA-B*07:02,peptide_swapped,0,0,AVFDRKSDAK,1135
13509,DRGSQS,IYSNGD,AVSPHKVI,KGHSH,LQKENI,ASSSGTVSYEQY,IVTDFSVIK,HLA-A*11:01,peptide_swapped,0,0,LLWNGPMAV,6190
13519,DRGSQS,IYSNGD,AVAVGVSGGGADGLT,SGHAT,FQNNGV,ASSSGGPFYEQY,NLVPMVATV,HLA-A*02:01,peptide_swapped,0,1,GILGFVFTL,647
13544,DSAIYN,IQSSQRE,AVIGSAGKST,SGHDT,YYEEEE,ASSLNSGLYNEQF,RAKFKQLL,HLA-B*08:01,peptide_swapped,0,0,NLVPMVATV,4136
13556,SVFSS,VVTGGEV,AGGGFADYGGSQGNLI,LNHDA,SQIVND,ASSLYSNQPQH,GILGFVFTL,HLA-A*02:01,VDJdb,1,4,GILGFVFTL,3478
13569,SSYSPS,YTSAATLV,VVSAGSIVSGGYNKLI,ENHRY,SYGVKD,AIRDKMNTEAF,NLVPMVATV,HLA-A*02:01,VDJdb,1,4,NLVPMVATV,436
13681,DSASNY,IRSNVGE,AALNDYKLS,LNHDA,SQIVND,ASTSHGGANNEQF,GILGFVFTL,HLA-A*02:01,10x,1,1,GILGFVFTL,4557
13917,NSASQS,VYSSG,VVNRGNDMR,SNHLY,FYNNEI,ASGQLNTGELF,IVTDFSVIK,HLA-A*11:01,peptide_swapped,0,1,YLQPRTFLL,3513
14030,DRGSQS,IYSNGD,AVGNYQLI,SGDLS,YYNGEE,ASSDLAGGTDTQY,RAKFKQLL,HLA-B*08:01,peptide_swapped,0,4,LLWNGPMAV,3070
14085,TSGFNG,NVLDGL,AVRDRGFKTI,WSHSY,SAAADI,ASTSGLAGGGETQY,CINGVCWTV,HLA-A*02:01,peptide_swapped,0,0,KLGGALQAK,5617
14130,TRDTTYY,RNSFDEQN,AARSNFGNEKLT,SGHDN,FVKESK,ASSAWDRSSGANVLT,GILGFVFTL,HLA-A*02:01,peptide_swapped,0,1,NLVPMVATV,930
14453,DSAIYN,IQSSQRE,AVIRMDSSYKLI,SGHKS,YYEKEE,ASSPDSGGYGYT,SPRWYFYYL,HLA-B*07:02,peptide_swapped,0,0,SLFNTVATLY,1118
14520,NSMFDY,ISSIKDK,AASGGSNYKLT,ENHRY,SYGVKD,AISDRFMREEMTYGYP,IVTDFSVIK,HLA-A*11:01,peptide_swapped,0,0,VLFGLGFAI,3904
14928,KALYS,LLKGGEQ,GTVVNTDKLI,SGHNT,YYREEE,ASSFWVGETQY,GILGFVFTL,HLA-A*02:01,peptide_swapped,0,3,AVFDRKSDAK,3873
14939,DSASNY,IRSNVGE,AASETSYDKVI,MNHNS,SASEGT,ASSEVVSTTYEQY,IVTDFSVIK,HLA-A*11:01,peptide_swapped,0,1,RAKFKQLL,117
15383,NIATNDY,GYKTK,LVGDGPSGGYQKVT,LGHDT,YNNKEL,ASSQSAREHYGYT,NLVPMVATV,HLA-A*02:01,peptide_swapped,0,3,CINGVCWTV,3719
15476,DRGSQS,IYSNGD,AAQGGKLI,MNHEY,SMNVEV,ASSSGTGVFLAEAF,NLVPMVATV,HLA-A*02:01,peptide_swapped,0,4,ELAGIGILTV,4884
15592,TSINN,IRSNERE,ATDAMSAGYSTLT,LNHDA,SQIVND,ASSIRSSYEQY,LLWNGPMAV,HLA-A*02:01,peptide_swapped,0,1,GILGFVFTL,4312
15633,TSESDYY,QEAYKQQN,AYIQGAQKLV,MRHNA,SNTAGT,ASSASGGAYNEQF,LLWNGPMAV,HLA-A*02:01,peptide_swapped,0,1,RPPIFIRRL,359
15663,NSASQS,VYSSG,VVNMGDFGNEKLT,LGHNA,YNFKEQ,ASSPRLAARSDTQY,NLVPMVATV,HLA-A*02:01,peptide_swapped,0,4,RAKFKQLL,4900
15716,YSGSPE,HISR,ALLIYGGYQKVT,SGHNS,FNNNVP,ASSFSGNTGELF,RAKFKQLL,HLA-B*08:01,10x,1,0,RAKFKQLL,4756
15721,TISGTDY,GLTSN,ILREFYNDMR,LNHDA,SQIVND,ASSIRSSYEQY,LLWNGPMAV,HLA-A*02:01,peptide_swapped,0,3,GILGFVFTL,1089
15788,YSGSPE,HISR,APV,MNHNS,SASEGT,ASSEQYTEAF,AVFDRKSDAK,HLA-A*11:01,peptide_swapped,0,4,KLGGALQAK,4822
15851,TRDTTYY,RNSFDEQN,ALSEPNTGNQFY,SGHAT,FQNNGV,ASSWGGGSHYGYT,SPRWYFYYL,HLA-B*07:02,peptide_swapped,0,2,IVTDFSVIK,4791
15951,TTSDR,LLSNGAV,AGTQETSGSRLT,LGHNA,YSLEER,ASSQVTYSYGYT,AVFDRKSDAK,HLA-A*11:01,peptide_swapped,0,3,IVTDFSVIK,3525
15972,NTAFDY,IRPDVSE,AAGYSSASKII,SGHAT,FQNNGV,ASSFSSGTTDTQY,AVFDRKSDAK,HLA-A*11:01,peptide_swapped,0,2,GLCTLVAML,1423
16082,VSGNPY,YITGDNLV,AVTPGDKII,SGHSS,YANELR,ASSFSVRDMGTEAF,GILGFVFTL,HLA-A*02:01,peptide_swapped,0,0,CTELKLSDY,1964
16102,DRGSQS,IYSNGD,AVKGST,LNHNV,YYDKDF,ATSGSSGTEAF,SPRWYFYYL,HLA-B*07:02,peptide_swapped,0,0,ELAGIGILTV,1641
16205,TSINN,IRSNERE,ATDGGGGSQGNLI,LNHDA,SQIVND,ASSIRSTDTQY,NLVPMVATV,HLA-A*02:01,peptide_swapped,0,0,GILGFVFTL,61
16381,DRGSQS,IYSNGD,AVNEAGGYNKLI,MNHEY,SVGAGI,ASSYMGLGAYEQY,NLVPMVATV,HLA-A*02:01,peptide_swapped,0,1,ELAGIGILTV,2683
16567,NSASQS,VYSSG,VVAGNQFY,SGHRS,YFSETQ,ASSLVSGGNGYT,SPRWYFYYL,HLA-B*07:02,peptide_swapped,0,2,KLGGALQAK,1231
16631,YGATPY,YFSGDTLV,AVGNQGGKLI,DFQATT,SNEGSKA,SAIVGRPYFTDTQY,GILGFVFTL,HLA-A*02:01,peptide_swapped,0,2,AVFDRKSDAK,567
16777,NSASQS,VYSSG,VVNREDDMR,SGHTS,YDEGEE,AIIDRNTGELF,ELAGIGILTV,HLA-A*02:01,peptide_swapped,0,3,YLQPRTFLL,4302
16785,TISGNEY,GLKNN,TRGYARYNFNKFY,SGHTA,FQGTGA,ASSPSDYGYT,NLVPMVATV,HLA-A*02:01,VDJdb,1,3,NLVPMVATV,3564
16841,TSENNYY,QEAYKQQN,AFIPNSGYSTLT,MNHEY,SVGEGT,ASSYSGSGELF,KLGGALQAK,HLA-A*03:01,10x,1,3,KLGGALQAK,6068
16866,DSSSTY,IFSNMDM,AEIASGTYKYI,DFQATT,SNEGSKA,SAEISGTQLYNEQF,GILGFVFTL,HLA-A*02:01,peptide_swapped,0,0,GLCTLVAML,3425
17132,SIFNT,LYKAGEL,AGGGDGGSQGNLI,LNHDA,SQIVND,ASSHRSGQPQH,KLGGALQAK,HLA-A*03:01,peptide_swapped,0,4,GILGFVFTL,2969
17399,SSVPPY,YTSAATLV,AVTGSNDYKLS,DFQATT,SNEGSKA,SAPDRFNQPQH,KLGGALQAK,HLA-A*03:01,10x,1,1,KLGGALQAK,3499
17414,DRGSQS,IYSNGD,AVDANARLM,MDHEN,SYDVKM,ASSYFKGAGELF,CINGVCWTV,HLA-A*02:01,peptide_swapped,0,3,LLWNGPMAV,5421
17455,NSASDY,IRSNMDK,AETHNNAGNMLT,PRHDT,FYEKMQ,ASSLAGTGELF,ELAGIGILTV,HLA-A*02:01,peptide_swapped,0,1,KLGGALQAK,5345
17540,DRGSQS,IYSNGD,AAQGAQKLV,LGHNA,YSLEER,ASSQGLVSGSPLH,AVFDRKSDAK,HLA-A*11:01,peptide_swapped,0,1,ELAGIGILTV,2595
17584,VGISA,LSSGK,AVRLLLRNQFY,SGDLS,YYNGEE,ASSVGAGPTYEQY,NLVPMVATV,HLA-A*02:01,peptide_swapped,0,2,CTELKLSDY,4130
17665,TSINN,IRSNERE,ATPVLRSEKLV,KGHSH,LQKENI,ASSPDRGLSYGYT,CINGVCWTV,HLA-A*02:01,peptide_swapped,0,2,KLGGALQAK,6123
17858,NIATNDY,GYKTK,LVKDSNYQLI,LGHNA,YNFKEQ,ASSQEAQGVYGANVLT,ELAGIGILTV,HLA-A*02:01,peptide_swapped,0,3,CINGVCWTV,5874
18115,NIATNDY,GYKTK,LVGAPGPGNTPLV,LNHNV,YYDKDF,ATSNLDSFGGYT,ELAGIGILTV,HLA-A*02:01,peptide_swapped,0,0,CINGVCWTV,5532
18124,YGGTVN,YFSGDPLV,AVVHGSSNTGKLI,LNHDA,SQIVND,ASSIRSSYEQY,RAKFKQLL,HLA-B*08:01,peptide_swapped,0,3,GILGFVFTL,191
18359,TSGFNG,NVLDGL,AVGSNNARLM,SGHNS,FNNNVP,ASSFSGNTGELF,RAKFKQLL,HLA-B*08:01,10x,1,2,RAKFKQLL,2556
18530,VSGNPY,YITGDNLV,AVGEGYSSASKII,LNHDA,SQIVND,ASSARAGITQY,CINGVCWTV,HLA-A*02:01,peptide_swapped,0,1,GILGFVFTL,2508
18541,DSSSTY,IFSNMDM,AEITGGGNKLT,DFQATT,SNEGSKA,SATDVTKGQLISGYT,GILGFVFTL,HLA-A*02:01,peptide_swapped,0,1,NLVPMVATV,3062
18642,DRGSQS,IYSNGD,AEFQGAQKLV,MDHEN,SYDVKM,ASSPTGLGQPQH,KLGGALQAK,HLA-A*03:01,peptide_swapped,0,4,ELAGIGILTV,5849
18719,NIATNDY,GYKTK,LVGDHSGTYKYI,SGHNT,YYREEE,ASSWTQGDEQY,RAKFKQLL,HLA-B*08:01,peptide_swapped,0,0,DATYQRTRALVR,1209
18829,SVFSS,VVTGGEV,AGAKNRDDKII,MNHEY,SVGAGI,ASSYSKAGAHEQY,RAKFKQLL,HLA-B*08:01,peptide_swapped,0,2,KLGGALQAK,5777
18991,KTLYG,LQKGGEE,GGVPVDSNYQLI,SGHTA,FQGTGA,ASSPGANTGELF,KLGGALQAK,HLA-A*03:01,peptide_swapped,0,0,KSKRTPMGF,4590
19072,TTLSN,LVKSGEV,ALPFGNEKLT,LNHNV,YYDKDF,ATSRARGATNEKLF,RAKFKQLL,HLA-B*08:01,peptide_swapped,0,1,AVFDRKSDAK,2123
19130,TSINN,IRSNERE,ATDAIPSDMR,LNHDA,SHIVND,ASSFRSTDTQY,IVTDFSVIK,HLA-A*11:01,peptide_swapped,0,1,GILGFVFTL,6130
19134,VSPFSN,MTFSENT,VVSARDNFNKFY,MNHEY,SMNVEV,ASSFGGRGLGFSGNTIY,NLVPMVATV,HLA-A*02:01,peptide_swapped,0,2,GILGFVFTL,2252
19185,SVFSS,VVTGGEV,AGGGSQGNLI,MNHEY,SVGEGT,ASGMTGLTSEQY,SPRWYFYYL,HLA-B*07:02,peptide_swapped,0,3,GILGFVFTL,5166
19236,SSNFYA,MTLNGDE,AFITGNQFY,SGHTA,FQGNSA,ASSQTQLWETQY,GLCTLVAML,HLA-A*02:01,peptide_swapped,0,1,NLVPMVATV,3948
19612,DRGSQS,IYSNGD,AVGVQGAQKLV,SGDLS,YYNGEE,ASSVDSGAGTEAF,LLWNGPMAV,HLA-A*02:01,peptide_swapped,0,2,ELAGIGILTV,5541
19673,VSGLRG,LYSAGEE,AVQANTDKLI,SGHTA,FQGNSA,ASSPPGLVGGELF,KLGGALQAK,HLA-A*03:01,peptide_swapped,0,1,GLCTLVAML,5269
19739,TSINN,IRSNERE,ATARSSMDSNYQLI,LNHDA,SQIVND,ATAPHSGNQPQH,GILGFVFTL,HLA-A*02:01,10x,1,2,GILGFVFTL,3045
19799,VSGLRG,LYSAGEE,AVQDMGRRALT,KGHDR,SFDVKD,ATSGRRDEQF,ELAGIGILTV,HLA-A*02:01,peptide_swapped,0,0,RFPLTFGWCF,2179
19834,SVFSS,VVTGGEV,AGASGSSNTGKLI,SGDLS,YYNGEE,ASSSGLVSNTGELF,LLWNGPMAV,HLA-A*02:01,peptide_swapped,0,0,GILGFVFTL,1064
19852,DRGSQS,IYSNGD,AVAVGVSGGGADGLT,SGHAT,FQNNGV,ASSSGGPFYEQY,ELAGIGILTV,HLA-A*02:01,peptide_swapped,0,1,GILGFVFTL,647
19944,TSGFNG,NVLDGL,ACRGFKTI,SGHNT,YYREEE,ASSLGLEGGNEQF,GLCTLVAML,HLA-A*02:01,peptide_swapped,0,4,AVFDRKSDAK,1041
20273,TRDTTYY,RNSFDEQN,ALSEDTNAGKST,SGHNS,FNNNVP,ASSFSGNTGELF,AVFDRKSDAK,HLA-A*11:01,peptide_swapped,0,0,RAKFKQLL,314
20374,VSPFSN,MTFSENT,VGRDTGRRALT,MDHEN,SYDVKM,ASSSLTGQSQETQY,SPRWYFYYL,HLA-B*07:02,VDJdb,1,4,SPRWYFYYL,6140
20378,DRGSQS,IYSNGD,AVTKGGYNKLI,MDHEN,SYDVKM,ASSTTLTSTGELF,AVFDRKSDAK,HLA-A*11:01,peptide_swapped,0,2,ELAGIGILTV,3122
20405,TSINN,IRSNERE,ATGSMEYGNKLV,SGDLS,YYNGEE,ASRMGDINTGELF,GLCTLVAML,HLA-A*02:01,peptide_swapped,0,1,IVTDFSVIK,3527
20463,YGATPY,YFSGDTLV,AVAWGGGADGLT,SGHNT,YYREEE,ASSSTGGGEKDQPQH,LLWNGPMAV,HLA-A*02:01,peptide_swapped,0,4,AVFDRKSDAK,1024
20618,DSAIYN,IQSSQRE,ATLNAGGTSYGKLT,KGHDR,SFDVKD,ATSDLRDRGYEQY,CINGVCWTV,HLA-A*02:01,peptide_swapped,0,4,IVTDFSVIK,4436
20690,NSMFDY,ISSIKDK,AAENQGGKLI,SGHNT,YYREEE,ASSLRGQGFYEQF,NLVPMVATV,HLA-A*02:01,VDJdb,1,1,NLVPMVATV,3830
20714,ATGYPS,ATKADDK,ALMETSYDKVI,SGHNS,FNNNVP,ASSFPTEGLGATDTQY,GILGFVFTL,HLA-A*02:01,peptide_swapped,0,0,RAKFKQLL,1761
20756,DSAIYN,IQSSQRE,AVRRNTGNQFY,MNHEY,SMNVEV,ASRAKVGAANEQF,SPRWYFYYL,HLA-B*07:02,VDJdb,1,2,SPRWYFYYL,4113
20895,TRDTTYY,RNSFDEQN,ALSDRVINNDMR,SEHNR,FQNEAQ,ASSGRGWETQY,SPRWYFYYL,HLA-B*07:02,peptide_swapped,0,1,RAKFKQLL,1542
21112,SSVPPY,YTSAATLV,AVSPNDYKLS,LNHDA,SQIVND,ASSIRSTTEAF,AVFDRKSDAK,HLA-A*11:01,peptide_swapped,0,2,GILGFVFTL,6171
21311,NSASQS,VYSSG,VVNAADSWGKLQ,PRHDT,FYEKMQ,ASSFPGGGNTGELF,LLWNGPMAV,HLA-A*02:01,peptide_swapped,0,3,YLQPRTFLL,648
21329,NIATNDY,GYKTK,LVGEFSGGYNKLI,MDHEN,SYDVKM,ASSPLTSNYGYT,SPRWYFYYL,HLA-B*07:02,IEDB,1,3,SPRWYFYYL,1242
21462,YGATPY,YFSGDTLV,AVVPNTGNQFY,LNHNV,YYDKDF,ATSGGTSYEQF,CINGVCWTV,HLA-A*02:01,peptide_swapped,0,3,LLWNGPMAV,158
21619,DSASNY,IRSNVGE,AAAETSYDKVI,LNHDA,SQIVND,ASSWIAANTGELF,SPRWYFYYL,HLA-B*07:02,peptide_swapped,0,4,RAKFKQLL,4158
21621,SSVPPY,YTSAATLV,AVSETYSSASKII,LGHNA,YSLEER,ASSQGSSAAYGYT,ELAGIGILTV,HLA-A*02:01,peptide_swapped,0,4,KLGGALQAK,4966
21657,VSPFSN,MTFSENT,VVSGGGGFKTI,SGHNS,FNNNVP,ASILASYTDTQY,KLGGALQAK,HLA-A*03:01,peptide_swapped,0,2,GPRLGVRAT,759
21826,YGATPY,YFSGDTLV,AVGTFSNSGYALN,MGHRA,YSYEKL,ASSQDGIYEQY,IVTDFSVIK,HLA-A*11:01,10x,1,4,IVTDFSVIK,824
21894,TSGFYG,NALDGL,APRGNARLM,MNHNY,SVGAGI,ASSYGGRGDEQF,GLCTLVAML,HLA-A*02:01,peptide_swapped,0,3,HPVTKYIM,5699
22076,DSSSTY,IFSNMDM,AERMDSGNTPLV,SQVTM,ANQGSEA,SVEDRGPAGYEQY,GLCTLVAML,HLA-A*02:01,peptide_swapped,0,3,AVFDRKSDAK,1676
22172,NIATNDY,GYKTK,LVGEVSGYSTLT,SGHAT,FQNNGV,ASSWGGGSHYGYT,IVTDFSVIK,HLA-A*11:01,10x,1,2,IVTDFSVIK,891
22538,TSGFNG,NVLDGL,AVGRGSYIPT,SEHNR,FQNEAQ,ASSFSQDPQY,GLCTLVAML,HLA-A*02:01,peptide_swapped,0,3,IVTDFSVIK,2550
22544,DRGSQS,IYSNGD,AVNIRDSNYQLI,LGHDT,YNNKEL,ASSYSGGAGELF,KLGGALQAK,HLA-A*03:01,peptide_swapped,0,2,RAKFKQLL,4099
22870,DSASNY,IRSNVGE,AASRDYKLS,SQVTM,ANQGSEA,SVGAIMDEQF,GILGFVFTL,HLA-A*02:01,peptide_swapped,0,1,GLCTLVAML,128
22886,YSGSPE,HISR,ALPFIEAAGNKLT,MNHNS,SASEGT,ATAEQDRPKNIQY,ELAGIGILTV,HLA-A*02:01,peptide_swapped,0,2,KLGGALQAK,5920
23136,DSASNY,IRSNVGE,AAREEGDARLM,LNHDA,SQIVND,ASSIRSGETQY,NLVPMVATV,HLA-A*02:01,peptide_swapped,0,0,GILGFVFTL,330
23248,NIATNDY,GYKTK,LVAPIGNQGGKLI,MNHNS,SASEGT,ASSEAAASGSPDLYEQY,GLCTLVAML,HLA-A*02:01,peptide_swapped,0,0,CINGVCWTV,5430
23256,NSMFDY,ISSIKDK,AASGGSNYKLT,LGHDT,YNNKEL,ASSQEVMTALQPDYGYT,SPRWYFYYL,HLA-B*07:02,peptide_swapped,0,4,VLFGLGFAI,4325
23314,SVFSS,VVTGGEV,AGGGFADYGGSQGNLI,LNHDA,SQIVND,ASSLYSNQPQH,ELAGIGILTV,HLA-A*02:01,peptide_swapped,0,4,GILGFVFTL,3478
23571,TRDTTYY,RNSFDEQN,ALSEAGFYNQGGKLI,LNHDA,SQIVND,ASSIVSGDSYNSPLH,GLCTLVAML,HLA-A*02:01,peptide_swapped,0,0,GILGFVFTL,3750
23712,TSDPSYG,QGSYDQQN,AMREGYSNDYKLS,DFQATT,SNEGSKA,SARRGLNEQF,SPRWYFYYL,HLA-B*07:02,VDJdb,1,1,SPRWYFYYL,2480
24239,TSESDYY,QEAYKQQN,AYRSLDLSGGSNYKLT,LNHDA,SQIVND,ASTPWAQAGELF,CINGVCWTV,HLA-A*02:01,VDJdb,1,0,CINGVCWTV,2272
24261,KALYS,LLKGGEQ,GTDFSGNTGKLI,LGHNA,YSLEER,ASSLWTSYGYT,ELAGIGILTV,HLA-A*02:01,peptide_swapped,0,2,IVTDFSVIK,3497
24487,DRGSQS,IYSNGD,AVNTGISGGGADGLT,LNHDA,SQIVND,ASNHLGIGQPQH,IVTDFSVIK,HLA-A*11:01,peptide_swapped,0,1,ELAGIGILTV,633
24611,NIATNDY,GYKTK,LVERNNDMR,MNHNS,SASEGT,ASSELWGSEPSPLH,AVFDRKSDAK,HLA-A*11:01,peptide_swapped,0,4,CINGVCWTV,2684
24612,VSGLRG,LYSAGEE,AVPSYGNKLV,DFQATT,SNEGSKA,SARGGDSAYEQY,NLVPMVATV,HLA-A*02:01,peptide_swapped,0,3,SPRWYFYYL,754
24657,NSASDY,IRSNMDK,AERDSNAGGTSYGKLT,SGHTA,FQGNSA,ASSLPGYEQY,NLVPMVATV,HLA-A*02:01,peptide_swapped,0,0,KLGGALQAK,5328
24791,NSAFQY,TYSSGN,AMSGGKLI,LNHNV,YYDKDF,ATSRASGSYEQY,LLWNGPMAV,HLA-A*02:01,VDJdb,1,0,LLWNGPMAV,3924
24828,TSINN,IRSNERE,ATDPLFGNNRLA,LNHDA,SQIVND,ASSTLNEQF,IVTDFSVIK,HLA-A*11:01,peptide_swapped,0,4,KLGGALQAK,670
24886,TSGFNG,NVLDGL,ASNDYKLS,MNHNS,SASEGT,ASSDPGTSGSKDTQY,SPRWYFYYL,HLA-B*07:02,peptide_swapped,0,1,KLGGALQAK,6153
25138,DRGSQS,IYSNGD,AVKDQFY,LGHNA,YSLEER,ASSQGTGEGYGYT,IVTDFSVIK,HLA-A*11:01,peptide_swapped,0,4,ELAGIGILTV,2903
25310,DSVNN,IPSGT,AVDVSDRGSTLGRLY,LNHDA,SQIVND,ASSGTSFTEQY,NLVPMVATV,HLA-A*02:01,peptide_swapped,0,3,GILGFVFTL,186
25352,DSSSTY,IFSNMDM,AESGGNTGKLI,SGHRS,YFSETQ,ASSLVQNTEAF,KLGGALQAK,HLA-A*03:01,peptide_swapped,0,1,CINGVCWTV,2441
25580,DRGSQS,IYSNGD,AVFSGGYQKVT,MNHEY,SMNVEV,ASSLGINTEAF,NLVPMVATV,HLA-A*02:01,peptide_swapped,0,0,ELAGIGILTV,2073
25616,TSGFYG,NALDGL,AVRDTTKAAGNKLT,MGHRA,YSYEKL,ASSLSDRASEQY,SPRWYFYYL,HLA-B*07:02,peptide_swapped,0,3,KLGGALQAK,5098
25663,TISGNEY,GLKNN,IVRVPSGGGNKLT,PRHDT,FYEKMQ,ASSSPGENTGELF,IVTDFSVIK,HLA-A*11:01,peptide_swapped,0,2,KLGGALQAK,2476
25750,TISGTDY,GLTSN,CVLLHPKYGNKLV,PRHDT,FYEKMQ,ASSPRYSSGELF,NLVPMVATV,HLA-A*02:01,peptide_swapped,0,2,RFPLTFGWCF,2552
25800,VSGNPY,YITGDNLV,AVRQDYQLI,MNHEY,SVGAGI,ASGPGTSATDTQY,SPRWYFYYL,HLA-B*07:02,peptide_swapped,0,3,NLVPMVATV,4188
25903,DSSSTY,IFSNMDM,AESNADNNDMR,SQVTM,ANQGSEA,SVEAVGDGIYNEQF,GLCTLVAML,HLA-A*02:01,VDJdb,1,3,GLCTLVAML,5015
26091,TSINN,IRSNERE,AYMNYGGSQGNLI,SGHAT,FQNNGV,ASSQTGGIQY,GLCTLVAML,HLA-A*02:01,peptide_swapped,0,2,KLGGALQAK,4998
26729,TISGTDY,GLTSN,ILGSSGTYKYI,DFQATT,SNEGSKA,SVYHNQGAGETQY,SPRWYFYYL,HLA-B*07:02,peptide_swapped,0,1,AVFDRKSDAK,5349
26816,SSVPPY,YTSAATLV,AVSTVPPSGGYQKVT,SGHAT,FQNNGV,ASSWGGGSHYGYT,IVTDFSVIK,HLA-A*11:01,10x,1,0,IVTDFSVIK,1480
26959,TISGNEY,GLKNN,AGTQGNLI,MDHEN,SYDVKM,ASSLRLSYNSPLH,NLVPMVATV,HLA-A*02:01,10x,1,2,NLVPMVATV,1539
27136,DSASNY,IRSNVGE,AAMETSYDKVI,SGHAT,FQNNGV,ASSLGVAGTNTGELF,SPRWYFYYL,HLA-B*07:02,peptide_swapped,0,2,RAKFKQLL,2147
27229,YGGTVN,YFSGDPLV,GGSSGGYNKLI,DFQATT,SNEGSKA,SARDYEAGNNEQF,IVTDFSVIK,HLA-A*11:01,10x,1,1,IVTDFSVIK,181
27573,NIATNDY,GYKTK,LVAAPGNKLT,MNHNS,SASEGT,ASSDRTGRRNEQY,SPRWYFYYL,HLA-B*07:02,VDJdb,1,0,SPRWYFYYL,1328
27588,VSGLRG,LYSAGEE,AVSGGSNYKLT,SGHNS,FNNNVP,ASSFSGNTGELF,KLGGALQAK,HLA-A*03:01,peptide_swapped,0,3,RAKFKQLL,1673
27635,YGGTVN,YFSGDPLV,AVGSGYNKLI,MGHRA,YSYEKL,ASSQVTSGNNEQF,AVFDRKSDAK,HLA-A*11:01,10x,1,3,AVFDRKSDAK,3508
27674,TSENNYY,QEAYKQQN,AFMSSPGGTSYGKLT,LNHDA,SHIVND,ASSIGVYGYT,GILGFVFTL,HLA-A*02:01,VDJdb,1,3,GILGFVFTL,4307
27758,NSASQS,VYSSG,VVNRDNDMR,MNHEY,SVGAGI,ATTSLNTGELF,LLWNGPMAV,HLA-A*02:01,peptide_swapped,0,3,YLQPRTFLL,1385
27968,NSASDY,IRSNMDK,ADSGGGADGLT,SGHTA,FQGTGA,ASSSRGGQETQY,SPRWYFYYL,HLA-B*07:02,peptide_swapped,0,2,RAKFKQLL,5128
27996,VGISA,LSSGK,AVLKTSYDKVI,LNHDA,SQIVND,ASSFFLAAGYP,CINGVCWTV,HLA-A*02:01,peptide_swapped,0,4,GILGFVFTL,2518
28057,NSASQS,VYSSG,VVNVGLDDKII,LNHDA,SQIVND,ASRPTGQLYEQY,IVTDFSVIK,HLA-A*11:01,peptide_swapped,0,1,ATDALMTGF,4867
28087,SVFSS,VVTGGEV,AGALDSGYALN,SGHDT,YYEEEE,ASSLETANTEAF,CINGVCWTV,HLA-A*02:01,peptide_swapped,0,1,SLFNTVATLY,4335
28164,DSAIYN,IQSSQRE,AVISNSGYALN,KGHSH,LQKENI,ASTTTGNTDTQY,GLCTLVAML,HLA-A*02:01,10x,1,2,GLCTLVAML,2255
28175,TSINN,IRSNERE,ATVPALTQGGSEKLV,MNHEY,SMNVEV,ASSMLGVLRGANVLT,CINGVCWTV,HLA-A*02:01,peptide_swapped,0,3,FEDLRLLSF,3627
28204,TSENNYY,QEAYKQQN,AFPSTQGGSEKLV,PRHDT,FYEKMQ,ASSFGFSRPGLTEQF,RAKFKQLL,HLA-B*08:01,peptide_swapped,0,3,AVFDRKSDAK,324
28405,NIATNDY,GYKTK,LVVPNRDDKII,LGHDT,YNNKEL,ASSQEVQGLGEQF,ELAGIGILTV,HLA-A*02:01,peptide_swapped,0,3,CINGVCWTV,892
28469,TISGTDY,GLTSN,ILRGNYGGATNKLI,MNHNS,SASEGT,ASRITGESDQPQH,NLVPMVATV,HLA-A*02:01,peptide_swapped,0,4,RAKFKQLL,2169
28497,NSASQS,VYSSG,VVTGNQFY,MGHRA,YSYEKL,ASSQYHVEGSTEAF,LLWNGPMAV,HLA-A*02:01,peptide_swapped,0,3,KLGGALQAK,832
28671,DRGSQS,IYSNGD,AVPYYNFNKFY,MNHEY,SMNVEV,ASSLSRKGELF,RAKFKQLL,HLA-B*08:01,peptide_swapped,0,0,AVFDRKSDAK,1135
28933,VGISA,LSSGK,AVGTQGGSEKLV,SGHDY,FNNNVP,ASSSGTPVNEQY,RAKFKQLL,HLA-B*08:01,peptide_swapped,0,2,IVTDFSVIK,2673
29153,DRGSQS,IYSNGD,AVNIPISDGQKLL,SGHKS,YYEKEE,ASSLWAGGEYTEAF,LLWNGPMAV,HLA-A*02:01,peptide_swapped,0,1,IVTDFSVIK,2558
29198,TISGTDY,GLTSN,ILRGDSGGGADGLT,SGHTA,FQGTGA,ASSLGTSGGTGELF,CINGVCWTV,HLA-A*02:01,peptide_swapped,0,0,RAKFKQLL,1331
29237,NIATNDY,GYKTK,LVGAANQAGTALI,SGHAT,FQNNGV,ASSLEASGSWGELF,ELAGIGILTV,HLA-A*02:01,peptide_swapped,0,4,CINGVCWTV,5219
29283,TSGFYG,NALDGL,AVDNQGGKLI,LGHDT,YNNKEL,ASSQEKAVGEKLF,IVTDFSVIK,HLA-A*11:01,peptide_swapped,0,2,RAKFKQLL,5377
29295,TISGNEY,GLKNN,IVRVRGGSNYKLT,SGHDN,FVKESK,ASSQLLAGGFSQTDTQY,LLWNGPMAV,HLA-A*02:01,peptide_swapped,0,4,CINGVCWTV,5560
29491,DSASNY,IRSNVGE,AASETSYDKVI,SGHNS,FNNNVP,ASSFTGGDLYGYT,RAKFKQLL,HLA-B*08:01,10x,1,3,RAKFKQLL,386
29515,DSAIYN,IQSSQRE,AVGANFGNEKLT,LNHDA,SQIVND,ASSWAGPHTEAF,RAKFKQLL,HLA-B*08:01,peptide_swapped,0,4,IVTDFSVIK,4652
29516,YGATPY,YFSGDTLV,AVGRGSQGNLI,MNHEY,SMNVEV,ASSPRLAFSSSYNEQF,ELAGIGILTV,HLA-A*02:01,peptide_swapped,0,2,RLRAEAQVK,4820
29540,SSVPPY,YTSAATLV,AVSDGENARLM,LNHDA,SQIVND,ASSIRSSYEQY,RAKFKQLL,HLA-B*08:01,peptide_swapped,0,1,GILGFVFTL,616
29556,VSGNPY,YITGDNLV,AVRDIRDYGGSQGNLI,SGHTA,FQGTGA,ASSLFADRGQETQY,LLWNGPMAV,HLA-A*02:01,peptide_swapped,0,0,HPVTKYIM,1657
29686,VSGNPY,YITGDNLV,AVIRWGDMR,MNHEY,SMNVEV,ASSPPGYYNEQF,ELAGIGILTV,HLA-A*02:01,peptide_swapped,0,0,AVFDRKSDAK,6013
29700,KALYS,LLKGGEQ,GTEYPNDYKLS,ENHRY,SYGVKD,AAGGGGTEKLF,LLWNGPMAV,HLA-A*02:01,peptide_swapped,0,2,GLCTLVAML,2182
29864,DSSSTY,IFSNMDM,AESTSGGKLI,MNHEY,SMNVEV,ASSPEGSYNEQF,LLWNGPMAV,HLA-A*02:01,peptide_swapped,0,4,GLCTLVAML,2329
29963,SVFSS,VVTGGEV,AGANDYKLS,SGDLS,YYNGEE,ASSAGQGGGYGYT,KLGGALQAK,HLA-A*03:01,10x,1,4,KLGGALQAK,6028
30018,YGATPY,YFSGDTLV,AVGGNNNDMR,DFQATT,SNEGSKA,SARDYLNSYEQY,AVFDRKSDAK,HLA-A*11:01,peptide_swapped,0,1,GILGFVFTL,5608
30049,NIATNDY,GYKTK,LVGAGNMLT,MGHRA,YSYEKL,ASSQGGQGAPYEQY,GLCTLVAML,HLA-A*02:01,peptide_swapped,0,4,CINGVCWTV,4582
30063,TSGFNG,NVLDGL,AATGGATNKLI,ENHRY,SYGVKD,AIGGTDTQY,AVFDRKSDAK,HLA-A*11:01,peptide_swapped,0,1,KLGGALQAK,4897
30117,TRDTTYY,RNSFDEQN,ALIANRDDKII,MGHRA,YSYEKL,ASSQGVGQYGYT,AVFDRKSDAK,HLA-A*11:01,peptide_swapped,0,3,RAKFKQLL,743
30164,TRDTTYY,RNSFDEQN,ALSATSGTYKYI,LGHNA,YSLEER,ASSQDLSLTWDTQY,LLWNGPMAV,HLA-A*02:01,peptide_swapped,0,0,GPRLGVRAT,3391
30271,DSASNY,IRSNVGE,AASETSYDKVI,SGHTA,FQGNSA,ASSSDHRGGYT,ELAGIGILTV,HLA-A*02:01,peptide_swapped,0,1,RAKFKQLL,510
30276,TTSDR,LLSNGAV,AVVRGISRWHQNAGGTSYGKLT,LNHDA,SQIVND,ASSIRSAQPQH,AVFDRKSDAK,HLA-A*11:01,peptide_swapped,0,3,GILGFVFTL,4361
30473,YGATPY,YFSGDTLV,AVGPMEYGNKLV,SGHNS,FNNNVP,ASSFSGNTGELF,LLWNGPMAV,HLA-A*02:01,peptide_swapped,0,2,RAKFKQLL,4852
30541,YGGTVN,YFSGDPLV,AVNALKTTDSWGKFQ,LNHDA,SQIVND,ASTFGQAPPAF,CINGVCWTV,HLA-A*02:01,peptide_swapped,0,3,GILGFVFTL,3423
30543,DSAIYN,IQSSQRE,AVMGPVGFGNVLH,SGHDY,FNNNVP,ASSTTEPAVGAGELF,GLCTLVAML,HLA-A*02:01,peptide_swapped,0,3,KLGGALQAK,2513
30598,NYSPAY,IRENEKE,ALDSTYSSASKII,DFQATT,SNEGSKA,SARDRTGNGYT,GLCTLVAML,HLA-A*02:01,VDJdb,1,0,GLCTLVAML,1378
30616,TTLSN,LVKSGEV,AGPVYDYKLS,SGHVS,FQNEAQ,ASSLSGTGDYEQY,GLCTLVAML,HLA-A*02:01,peptide_swapped,0,4,KSKRTPMGF,5956
30639,SVFSS,VVTGGEV,AGGGSQGNLI,DFQATT,SNEGSKA,SARDGRREYEQY,GLCTLVAML,HLA-A*02:01,peptide_swapped,0,0,GILGFVFTL,5158
30696,SVFSS,VVTGGEV,AGGLTYNQGGKLI,MNHNS,SASEGT,ASSDFQAINQPQH,GLCTLVAML,HLA-A*02:01,peptide_swapped,0,1,GILGFVFTL,3321
30711,TSENNYY,QEAYKQQN,AFMNSYSGAGSYQLT,LNHDA,SQIVND,ASSIDPFSGRLNTEAF,KLGGALQAK,HLA-A*03:01,peptide_swapped,0,0,AVFDRKSDAK,4945
30763,VSGNPY,YITGDNLV,AVIRWGDMR,SGHDT,YYEEEE,ASSLRDGSEAF,CINGVCWTV,HLA-A*02:01,peptide_swapped,0,2,RAKFKQLL,3553
30896,TISGNEY,GLKNN,IVREWDNYGQNFV,LGHNA,YSLEER,ASSQVAKMAKDNYGYT,IVTDFSVIK,HLA-A*11:01,peptide_swapped,0,0,LLWNGPMAV,4271
30902,TSGFYG,NALDGL,AVRGGFGNVLH,MNHEY,SMNVEV,ASSLSGRPYEQY,GILGFVFTL,HLA-A*02:01,peptide_swapped,0,1,RAKFKQLL,3656
30992,SVFSS,VVTGGEV,AGESGNTGKLI,LNHDA,SQIVND,ASSIRAAYEQY,SPRWYFYYL,HLA-B*07:02,peptide_swapped,0,1,GILGFVFTL,3390
31032,NSASDY,IRSNMDK,AENILSSSNTGKLI,SGDLS,YYNGEE,ASQSAEASTDTQY,GILGFVFTL,HLA-A*02:01,peptide_swapped,0,4,ATDALMTGF,5697
31122,TRDTTYY,RNSFDEQN,ALSEENNYGQNFV,SGDLS,YYNGEE,ASSVKGGPDTQY,SPRWYFYYL,HLA-B*07:02,peptide_swapped,0,3,AVFDRKSDAK,1323
31191,TISGTDY,GLTSN,ILSNNNDMR,GTSNPN,SVGIG,AWSVSDVANTEAF,NLVPMVATV,HLA-A*02:01,VDJdb,1,0,NLVPMVATV,4378
31207,NSAFQY,TYSSGN,AMTPGGTSYGKLT,DFQATT,SNEGSKA,SARFLRQGSTYEQY,RAKFKQLL,HLA-B*08:01,peptide_swapped,0,3,GPRLGVRAT,2850
31322,DRGSQS,IYSNGD,AVGGDMR,LNHDA,SQIVND,ASSVRSSYEQY,SPRWYFYYL,HLA-B*07:02,peptide_swapped,0,0,GILGFVFTL,2241
31575,VSNAYN,GSKP,AVEDYNKFY,SGHDY,FNNNVP,ASGRLSYNEQF,RAKFKQLL,HLA-B*08:01,10x,1,4,RAKFKQLL,4763
31671,DSSSTY,IFSNMDM,AESIRAINDYKLS,LGHNA,YSLEER,ASSQDAGVGQPQH,RAKFKQLL,HLA-B*08:01,peptide_swapped,0,0,AVFDRKSDAK,440
31914,DRGSQS,IYSNGD,AVDQAGTALI,MGHDK,SYGVNS,ASSPGQMGGELF,RAKFKQLL,HLA-B*08:01,peptide_swapped,0,2,ELAGIGILTV,3575
32205,NIATNDY,GYKTK,LVGDLGNTPLV,LGHNA,YNFKEQ,ASSQSSGDTQY,RAKFKQLL,HLA-B*08:01,peptide_swapped,0,1,KSKRTPMGF,4530
32260,DRGSQS,IYSNGD,AVNDNDMR,MNHEY,SVGAGI,ASSSALAYEQY,CINGVCWTV,HLA-A*02:01,peptide_swapped,0,2,LLWNGPMAV,2941
32261,TTLSN,LVKSGEV,PVTSLSAYSPNI,LNHDA,SQIVND,ASSIRSLDEQF,IVTDFSVIK,HLA-A*11:01,peptide_swapped,0,3,GILGFVFTL,5152
32443,YGATPY,YFSGDTLV,AVGATNDYKLS,LNHDA,SQIVND,ASSSFLLSEQY,KLGGALQAK,HLA-A*03:01,peptide_swapped,0,1,GILGFVFTL,1583
32727,VSGLRG,LYSAGEE,AVQARNNAGNMLT,LNHDA,SQIVND,ASSIVKLAGGTYEQY,NLVPMVATV,HLA-A*02:01,peptide_swapped,0,4,CTELKLSDY,462
32805,NSASDY,IRSNMDK,AEKKDNYGQNFV,MNHGY,SAAAG,ASSYLGTSAPIDEQF,LLWNGPMAV,HLA-A*02:01,peptide_swapped,0,1,CTELKLSDY,3883
33290,TISGNEY,GLKNN,IVSYKLI,DFQATT,SNEGSKA,SARLAGLTYNEQF,GLCTLVAML,HLA-A*02:01,peptide_swapped,0,2,GILGFVFTL,5043
33365,DRGSQS,IYSNGD,AVNPSGYALN,SGHDY,FNNNVP,ASSLGGLGQPQH,CINGVCWTV,HLA-A*02:01,peptide_swapped,0,2,ELAGIGILTV,3563
33706,DRGSQS,IYSNGD,APGNYGQNFV,SGHVS,FQNEAQ,ASSLGGGWEQY,ELAGIGILTV,HLA-A*02:01,10x,1,0,ELAGIGILTV,769
33825,DRGSQS,IYSNGD,ASNSGGGADGLT,SGHRS,YFSETQ,ASSSEAGLAATDTQY,ELAGIGILTV,HLA-A*02:01,10x,1,3,ELAGIGILTV,3528
33965,DRGSQS,IYSNGD,ALNTGGFKTI,LGHNA,YNFKEQ,ASSQETSGGASQF,RAKFKQLL,HLA-B*08:01,peptide_swapped,0,4,ELAGIGILTV,1298
34241,NSASDY,IRSNMDK,ADSGGGADGLT,SEHNR,FQNEAQ,ASREIQGSGANVLT,GLCTLVAML,HLA-A*02:01,peptide_swapped,0,2,RAKFKQLL,2472
34411,TRDTTYY,RNSFDEQN,ALRILFSGSARQLT,MNHNS,SASEGT,ASSELADITDTQY,GILGFVFTL,HLA-A*02:01,peptide_swapped,0,3,KLGGALQAK,4390
34591,DRGSQS,IYSNGD,AVNGNNNDMR,LNHDA,SQIVND,ASAWGGMTNEQY,ELAGIGILTV,HLA-A*02:01,VDJdb,1,4,ELAGIGILTV,4788
34659,TSGFNG,NVLDGL,AVRDNNARLM,MNHEY,SMNVEV,ASSSGQGNSPLH,IVTDFSVIK,HLA-A*11:01,peptide_swapped,0,3,KLGGALQAK,701
34819,DSAIYN,IQSSQRE,AVSDYGQNFV,WSHSY,SAAADI,ASSDSGTEAF,GILGFVFTL,HLA-A*02:01,peptide_swapped,0,0,RLPGVLPRA,5761
35004,TSENNYY,QEAYKQQN,AYSPASGGTSYGKLT,LNHDA,SQIVND,ASSIGLYGYT,AVFDRKSDAK,HLA-A*11:01,peptide_swapped,0,0,GILGFVFTL,1507
35016,DSASNY,IRSNVGE,AASETSYDKVI,SEHNR,FQNEAQ,ASSVTGPGDNEQF,RAKFKQLL,HLA-B*08:01,10x,1,1,RAKFKQLL,81
35118,DRGSQS,IYSNGD,AVPTDSWGKLQ,MNHEY,SVGEGT,ASSPTGVGQPQH,ELAGIGILTV,HLA-A*02:01,10x,1,1,ELAGIGILTV,642
35210,NIATNDY,GYKTK,LVANGNNRLA,SGHNS,FNNNVP,ASSFEIAGGNEQF,GILGFVFTL,HLA-A*02:01,peptide_swapped,0,2,CINGVCWTV,3090
35274,VSGNPY,YITGDNLV,AVRDFSGAGSYQLT,SGDLS,YYNGEE,ASSVVGGGAEEQF,IVTDFSVIK,HLA-A*11:01,peptide_swapped,0,3,RLRAEAQVK,2876
35447,TRDTTYY,RNSFDEQN,ALSEAHDSGSARQLT,SEHNR,FQNEAQ,ASSSSGGSGEQF,IVTDFSVIK,HLA-A*11:01,peptide_swapped,0,3,KLGGALQAK,475
35482,YGGTVN,YFSGDPLV,AAWASSEGNKLV,KGHSH,LQKENI,ASSSVGSPYEQY,KLGGALQAK,HLA-A*03:01,peptide_swapped,0,3,GILGFVFTL,3291
35552,DRGSQS,IYSNGD,AVKGDDKII,SGHTA,FQGNSA,ASSFYGREAF,IVTDFSVIK,HLA-A*11:01,peptide_swapped,0,3,LLWNGPMAV,653
35600,DRGSQS,IYSNGD,AVSGTYKYI,LGHNA,YSLEER,ASSQGTSGNEQF,LLWNGPMAV,HLA-A*02:01,VDJdb,1,2,LLWNGPMAV,691
35662,DRGSQS,IYSNGD,AVNGNQFY,SGDLS,YYNGEE,ASSPQTGAVTEAF,IVTDFSVIK,HLA-A*11:01,peptide_swapped,0,2,LLWNGPMAV,4437
36256,DSASNY,IRSNVGE,AAKEGYSTLT,SGDLS,YYNGEE,ASSSGLVSNTGELF,RAKFKQLL,HLA-B*08:01,peptide_swapped,0,1,GLCTLVAML,3995
36313,NSASQS,VYSSG,VVNLLYSSASKII,SGHDY,FNNNVP,ASSLGGPGVYNEQF,NLVPMVATV,HLA-A*02:01,peptide_swapped,0,2,ATDALMTGF,4329
36314,VSGNPY,YITGDNLV,AVRDTNAGKST,MNHEY,SMNVEV,ATSASSYNEQF,RAKFKQLL,HLA-B*08:01,peptide_swapped,0,2,AVFDRKSDAK,4057
36387,DRGSQS,IYSNGD,AVSGYSTLT,MNHEY,SVGAGI,ASSAQGAYGYT,KLGGALQAK,HLA-A*03:01,peptide_swapped,0,4,LLWNGPMAV,5121
36435,VGISA,LSSGK,AVRKFGNEKLT,LNHDA,SHIVND,ASSIGLYGYT,CINGVCWTV,HLA-A*02:01,peptide_swapped,0,4,GILGFVFTL,5199
36571,DRGSQS,IYSNGD,AVSQR,SGHTA,FQGTGA,ASSLGTSGGTGELF,KLGGALQAK,HLA-A*03:01,peptide_swapped,0,3,RAKFKQLL,5495
36687,VSGNPY,YITGDNLV,AGGNTGKLI,SGHTA,FQGNSA,ASSLGQGASQPQH,CINGVCWTV,HLA-A*02:01,peptide_swapped,0,1,GLCTLVAML,4770
36759,DRGSQS,IYSNGD,AVNWEEQGGSYIPT,PRHDT,FYEKMQ,ASSSPGENTGELF,GLCTLVAML,HLA-A*02:01,peptide_swapped,0,1,KLGGALQAK,3938
36818,NSASQS,VYSSG,VVDYTDKLI,SGHDT,YYEEEE,ASSLRDGSEAF,KLGGALQAK,HLA-A*03:01,peptide_swapped,0,3,RAKFKQLL,14
37037,TSESDYY,QEAYKQQN,AYTQGAQKLV,KGHTF,FQNEQV,ASSDHLGGQGNTIY,KLGGALQAK,HLA-A*03:01,peptide_swapped,0,0,RPPIFIRRL,618
37103,DRGSQS,IYSNGD,ALTSGTYKYI,SGHAT,FQDESV,ASSLGQGAAEAF,RAKFKQLL,HLA-B*08:01,peptide_swapped,0,4,KLGGALQAK,3265
37479,VSPFSN,MTFSENT,VVVAYSGAGSYQLT,SGHTA,FQGNSA,ASSLTGTTYGGYT,GLCTLVAML,HLA-A*02:01,peptide_swapped,0,0,NLVPMVATV,3354
37505,TISGTDY,GLTSN,IPYNNNDMR,LNHDA,SQIVND,ASSIGIYGYT,GILGFVFTL,HLA-A*02:01,10x,1,0,GILGFVFTL,812
37645,TRDTTYY,RNSFDEQN,ALSEVTDSWGKLQ,SGHDY,FNNNVP,ASSHQYNEQF,GLCTLVAML,HLA-A*02:01,peptide_swapped,0,2,KSKRTPMGF,5118
